вид спорта,процент вилки,время жизни вилки,название противоположной бк,команда 1,команда 2,вид ставки,коэффициент на Bet365,количество инициаторов у Bet365,коэффициент противоположной БК,количество инициаторов противоположной БК,кто является инициатором
Киберфутбол,0.93,2 сек,Betcity,Valencia (CarlWhizzer) Esports,A.Madrid (OoLancer) Esports,Команда1 Тб(1.5),41,1,1.352,2,0
Киберфутбол,0,0 сек,Favbet,Valencia (CarlWhizzer) Esports,A.Madrid (OoLancer) Esports,Тб(3.5),1.9091,1,2.16,6,Favbet
Киберфутбол,0.43,10 сек,1xbet,Im Not Over (PNZ) Esports,Rockmen (ROC) Esports,1X,2.3751,1,1.744,4,1xbet
Киберфутбол,7.95,14 сек,Favbet,Valencia (CarlWhizzer) Esports,A.Madrid (OoLancer) Esports,Тб(3),1.91,1,2.54,4,Favbet
Киберфутбол,2.58,3 сек,Unibet,Sevilla (skripp) Esports,A.Bilbao (fleshka77) Esports,12,1.5331,1,3.12,2,0
Киберфутбол,2.94,26 сек,Unibet,Sevilla (skripp) Esports,A.Bilbao (fleshka77) Esports,Тб(3.5),2.52,2,1.753,3,0
Киберфутбол,1.56,2 сек,Betcity,Valencia (CarlWhizzer) Esports,A.Madrid (OoLancer) Esports,Тб(2.25),1.8251,1,2.293,3,0
Киберфутбол,0.23,18 сек,1xbet,Sevilla (skripp) Esports,A.Bilbao (fleshka77) Esports,1,4.3335,5,1.3042,2,Bet365
Киберфутбол,0.67,0 сек,1xbet,Im Not Over (PNZ) Esports,Rockmen (ROC) Esports,Тб(9.5),1.9091,1,2.132,2,0
Киберфутбол,1.9,2 сек,Betcity,Sevilla (skripp) Esports,Barcelona (stdm) Esports,Команда1 Тб(1.5),2.51,1,1.722,2,0
Киберфутбол,0.93,3 сек,Betcity,Valencia (CarlWhizzer) Esports,A.Bilbao (fleshka77) Esports,Команда2 Тб(1.5),41,1,1.352,2,0
Киберфутбол,3.61,37 сек,Betcity,Valencia (CarlWhizzer) Esports,A.Bilbao (fleshka77) Esports,Тб(4.5),22,2,2.156,6,Betcity
Киберфутбол,22.45,2 сек,Unibet,Valencia (CarlWhizzer) Esports,A.Bilbao (fleshka77) Esports,Тб(5.5),2.55,5,2.413,13,Unibet
Киберфутбол,35.4,1 сек,Unibet,Valencia (CarlWhizzer) Esports,A.Bilbao (fleshka77) Esports,Г1(-3),3.45,5,2.257,7,0
Киберфутбол,0,0 сек,Betcity,Sevilla (skripp) Esports,A.Madrid (OoLancer) Esports,Команда2 Тб(3.5),2.251,1,1.81,1,0
Киберфутбол,3.61,23 сек,Betcity,Sevilla (skripp) Esports,A.Madrid (OoLancer) Esports,Г2(-2),22,2,2.155,5,Betcity
Киберфутбол,0,0 сек,Betcity,Barcelona (stdm) Esports,A.Bilbao (fleshka77) Esports,Тб(4.5),21,1,21,1,0
Киберфутбол,0.49,14 сек,Betcity,Sevilla (skripp) Esports,A.Madrid (OoLancer) Esports,Г2(-3),2.21,1,1.852,2,0
Киберфутбол,0.18,13 сек,Betcity,Barcelona (stdm) Esports,A.Bilbao (fleshka77) Esports,Команда2 Тб(1.5),2.6251,1,1.622,2,0
Киберфутбол,3.99,35 сек,Betcity,Sevilla (skripp) Esports,A.Madrid (OoLancer) Esports,Команда2 Тб(4.5),2.3751,1,1.853,3,0
Киберфутбол,8.86,3 сек,Betcity,Sevilla (skripp) Esports,A.Madrid (OoLancer) Esports,Гола не будет(4),81,1,1.262,2,0
Киберфутбол,17.89,2 сек,Betcity,Barcelona (stdm) Esports,A.Bilbao (fleshka77) Esports,1,3.252,2,1.852,2,0
Киберфутбол,6.24,7 сек,Betcity,Sevilla (skripp) Esports,A.Madrid (OoLancer) Esports,Г2(-4),2.12,2,2.157,7,Betcity
Киберфутбол,21.57,1 сек,Betcity,Sevilla (skripp) Esports,A.Madrid (OoLancer) Esports,Ф2(-5),22,2,3.12,2,0
Киберфутбол,18.21,4 сек,Betcity,Sevilla (skripp) Esports,A.Madrid (OoLancer) Esports,Г2(-5),3.64,4,1.764,4,0
Киберфутбол,15.54,24 сек,Betcity,Sevilla (skripp) Esports,A.Madrid (OoLancer) Esports,Тб(5.5),2.3755,5,2.2510,10,Betcity
Киберфутбол,3.99,0 сек,Betcity,Sevilla (skripp) Esports,Valencia (CarlWhizzer) Esports,2,2.3753,3,1.856,6,Betcity
Киберфутбол,3.29,2 сек,Betcity,Sevilla (skripp) Esports,Valencia (CarlWhizzer) Esports,Г2(-1),2.54,4,1.763,3,0
Киберфутбол,3.61,2 сек,Betcity,Sevilla (skripp) Esports,Valencia (CarlWhizzer) Esports,Тб(6.5),24,4,2.156,6,0
Киберфутбол,4.05,0 сек,Betcity,Sevilla (skripp) Esports,Valencia (CarlWhizzer) Esports,Г1(1),3.752,2,1.446,6,Betcity
Киберфутбол,4.46,0 сек,Betcity,Sevilla (skripp) Esports,Valencia (CarlWhizzer) Esports,Команда2 Тб(3.5),2.253,3,1.952,2,0
Киберфутбол,8.05,44 сек,Betcity,Sevilla (skripp) Esports,Valencia (CarlWhizzer) Esports,Тб(5.5),23,3,2.3513,13,Betcity
Киберфутбол,0.55,1 сек,Betcity,Sevilla (skripp) Esports,Valencia (CarlWhizzer) Esports,1,81,1,1.155,5,Betcity
Киберфутбол,1.41,0 сек,Betcity,Sevilla (skripp) Esports,Valencia (CarlWhizzer) Esports,2,3.754,4,1.394,4,0
Киберфутбол,5.88,29 сек,Betcity,A.Bilbao (fleshka77) Esports,Sevilla (skripp) Esports,Тб(2.5),25,5,2.257,7,0
Киберфутбол,5.86,1 мин 8 сек,Betcity,A.Bilbao (fleshka77) Esports,Sevilla (skripp) Esports,Команда2 Тб(1.5),3.251,1,1.574,4,Betcity
Киберфутбол,1.52,1 мин 27 сек,Betcity,A.Bilbao (fleshka77) Esports,Sevilla (skripp) Esports,Обе команды забьют,2.251,1,1.853,3,0
Киберфутбол,2.02,0 сек,Betcity,A.Bilbao (fleshka77) Esports,Sevilla (skripp) Esports,Команда1 Тб(1.5),3.51,1,1.442,2,0
Киберфутбол,3,5 сек,Betcity,A.Bilbao (fleshka77) Esports,Sevilla (skripp) Esports,Тб(2.25),2.051,1,2.073,3,0
Киберфутбол,1.11,1 сек,Betcity,A.Madrid (OoLancer) Esports,Valencia (CarlWhizzer) Esports,Г1(-3),2.12,2,1.951,1,0
Киберфутбол,1.9,2 сек,Betcity,Barcelona (stdm) Esports,Sevilla (skripp) Esports,Команда1 Тб(2.5),2.51,1,1.722,2,0
Киберфутбол,1.95,38 сек,Betcity,Barcelona (stdm) Esports,Sevilla (skripp) Esports,Тб(4.5),2.21,1,1.95,5,Betcity
Киберфутбол,8.05,1 мин 16 сек,Betcity,Barcelona (stdm) Esports,Sevilla (skripp) Esports,Тб(3.5),24,4,2.358,8,Betcity
Киберфутбол,1.11,3 сек,Betcity,Barcelona (stdm) Esports,Sevilla (skripp) Esports,Команда1 Тб(1.5),2.11,1,1.952,2,0
Киберфутбол,3.61,11 сек,Betcity,Barcelona (stdm) Esports,Sevilla (skripp) Esports,Тб(2.5),23,3,2.159,9,Betcity
Киберфутбол,0,0 сек,Betcity,Barcelona (stdm) Esports,Sevilla (skripp) Esports,1,111,1,1.14,4,Betcity
Киберфутбол,0,1 сек,Betcity,Liverpool (fleshka77) Esports,Bayern (stdm) Esports,Команда1 Тб(2.5),2.251,1,1.82,2,0
Киберфутбол,3.91,2 сек,Betcity,Man City (Oolancer) Esports,PSG (skripp) Esports,Команда2 Тб(1.5),2.6251,1,1.723,3,0
Киберфутбол,3.85,2 сек,Unibet,Man City (Oolancer) Esports,PSG (skripp) Esports,Тб(4.5),21,1,2.1611,11,Unibet
Киберфутбол,0,2 сек,Unibet,Man City (Oolancer) Esports,PSG (skripp) Esports,X2,3.51,1,1.45,5,Unibet
Киберфутбол,5.88,23 сек,Betcity,Man City (Oolancer) Esports,PSG (skripp) Esports,Тб(3.5),24,4,2.259,9,Betcity
Киберфутбол,1.32,4 сек,Betcity,Real Madrid (CarlWhizzer) Esports,Man City (Oolancer) Esports,Команда1 Тб(1.5),33,3,1.532,2,0
Киберфутбол,1.55,5 сек,Betcity,PSG (skripp) Esports,Liverpool (fleshka77) Esports,2,2.8751,1,1.575,5,Betcity
Киберфутбол,5.88,17 сек,Betcity,PSG (skripp) Esports,Liverpool (fleshka77) Esports,Команда2 Тб(1.5),21,1,2.254,4,Betcity
Киберфутбол,1.95,0 сек,Betcity,PSG (skripp) Esports,Liverpool (fleshka77) Esports,Тб(3.5),2.21,1,1.94,4,Betcity
Киберфутбол,3.37,0 сек,Betcity,Real Madrid (CarlWhizzer) Esports,Man City (Oolancer) Esports,Тб(5.5),2.21,1,1.959,9,Betcity
Киберфутбол,0.02,1 сек,1xbet,PSG (skripp) Esports,Liverpool (fleshka77) Esports,Тб(2.5),2.11,1,1.912,2,0
Киберфутбол,0,1 сек,Betcity,PSG (skripp) Esports,Bayern (stdm) Esports,Тб(4.5),21,1,24,4,Betcity
Киберфутбол,1.72,2 сек,Unibet,PSG (skripp) Esports,Man City (Oolancer) Esports,Тб(4.5),23,3,2.073,3,0
Киберфутбол,0.63,3 сек,Betcity,PSG (skripp) Esports,Man City (Oolancer) Esports,Г2(-4),3.11,1,1.492,2,0
Киберфутбол,1.96,2 сек,Unibet,PSG (skripp) Esports,Man City (Oolancer) Esports,Тб(5.5),23,3,2.085,5,0
Киберфутбол,0.18,4 сек,Betcity,PSG (skripp) Esports,Man City (Oolancer) Esports,Г2(-4),2.6251,1,1.623,3,0
Киберфутбол,3.61,10 сек,Betcity,Man City (Oolancer) Esports,Liverpool (fleshka77) Esports,Тб(4.5),22,2,2.157,7,Betcity
Киберфутбол,3.29,11 сек,Betcity,Bayern (stdm) Esports,Real Madrid (CarlWhizzer) Esports,Команда1 Тб(2.5),2.53,3,1.763,3,0
Киберфутбол,0,0 сек,Betcity,Bayern (stdm) Esports,Real Madrid (CarlWhizzer) Esports,Команда2 Тб(2.5),21,1,23,3,0
Киберфутбол,2.44,3 сек,Unibet,Bayern (stdm) Esports,Real Madrid (CarlWhizzer) Esports,Тб(4.5),21,1,2.19,9,Unibet
Киберфутбол,1.52,1 сек,Betcity,Man City (Oolancer) Esports,Liverpool (fleshka77) Esports,Тб(5.5),2.251,1,1.856,6,Betcity
Киберфутбол,0.3,2 сек,1xbet,Man City (Oolancer) Esports,Liverpool (fleshka77) Esports,Гола не будет(5),2.12,2,1.923,3,0
Киберфутбол,0,2 сек,Betcity,PSG (skripp) Esports,Real Madrid (CarlWhizzer) Esports,Тб(3.5),21,1,24,4,Betcity
Киберфутбол,1.23,3 сек,Betcity,PSG (skripp) Esports,Real Madrid (CarlWhizzer) Esports,Тб(3.5),22,2,2.056,6,Betcity
Киберфутбол,39.91,6 сек,Betcity,PSG (skripp) Esports,Real Madrid (CarlWhizzer) Esports,2,7.54,4,1.722,2,0
Киберфутбол,2.63,0 сек,1xbet,PSG (skripp) Esports,Real Madrid (CarlWhizzer) Esports,Гола не будет(5),35,5,1.563,3,0
Киберфутбол,6.46,1 мин 6 сек,Unibet,Man City (Oolancer) Esports,Real Madrid (CarlWhizzer) Esports,Г1(-5),3.54,4,1.533,3,0
Киберфутбол,9.94,2 сек,Betcity,Man City (Oolancer) Esports,Real Madrid (CarlWhizzer) Esports,Тб(6.5),2.253,3,2.1515,15,Betcity
Киберфутбол,0.49,2 сек,Betcity,Liverpool (fleshka77) Esports,PSG (skripp) Esports,Команда2 Тб(1.5),2.21,1,1.852,2,0
Киберфутбол,5.88,33 сек,Betcity,Liverpool (fleshka77) Esports,PSG (skripp) Esports,Тб(3.5),25,5,2.2510,10,Betcity
Киберфутбол,3.61,13 сек,Betcity,Man City (Oolancer) Esports,Real Madrid (CarlWhizzer) Esports,Тб(5.5),22,2,2.159,9,Betcity
Киберфутбол,1.11,4 сек,Betcity,Man City (Oolancer) Esports,Real Madrid (CarlWhizzer) Esports,Г1(-4),2.12,2,1.956,6,Betcity
Киберфутбол,0,3 сек,1xbet,Man City (Oolancer) Esports,Real Madrid (CarlWhizzer) Esports,Гола не будет(5),3.53,3,1.43,3,0
Киберфутбол,1.23,2 сек,Betcity,Liverpool (fleshka77) Esports,Real Madrid (CarlWhizzer) Esports,Тб(4.5),21,1,2.054,4,Betcity
Киберфутбол,0.18,1 сек,Betcity,Liverpool (fleshka77) Esports,Real Madrid (CarlWhizzer) Esports,Команда1 Тб(2.5),2.6251,1,1.622,2,0
Киберфутбол,0,11 сек,Betcity,Bayern (stdm) Esports,PSG (skripp) Esports,Тб(4.5),21,1,28,8,0
Киберфутбол,1.11,3 сек,Betcity,Bayern (stdm) Esports,PSG (skripp) Esports,Команда2 Тб(2.5),2.11,1,1.954,4,Betcity
Киберфутбол,10.11,11 сек,Unibet,Liverpool (fleshka77) Esports,Real Madrid (CarlWhizzer) Esports,Тб(3.5),24,4,2.4514,14,Unibet
Киберфутбол,3.61,1 сек,Betcity,Bayern (stdm) Esports,PSG (skripp) Esports,Тб(5.5),21,1,2.1511,11,Betcity
Киберфутбол,0.93,0 сек,Betcity,Bayern (stdm) Esports,PSG (skripp) Esports,2,41,1,1.358,8,Betcity
Киберфутбол,0,1 сек,Betcity,Bayern (stdm) Esports,PSG (skripp) Esports,Тб(6.5),21,1,29,9,Betcity
Киберфутбол,0.63,6 сек,Betcity,Liverpool (fleshka77) Esports,Real Madrid (CarlWhizzer) Esports,2,3.11,1,1.498,8,Betcity
Киберфутбол,0.12,0 сек,1xbet,Bayern (stdm) Esports,PSG (skripp) Esports,Гола не будет(7),2.51,1,1.675,5,1xbet
Киберфутбол,1.18,3 сек,1xbet,Hoffenheim (OoLancer) Esports,B.M'gladbach (skripp) Esports,Команда2 Тб(1.5),4.3333,3,1.322,2,0
Киберфутбол,1.18,1 мин 24 сек,1xbet,Hoffenheim (OoLancer) Esports,B.M'gladbach (skripp) Esports,Команда2 Тб(1.5),4.3333,3,1.322,2,0
Киберфутбол,0,1 сек,Betcity,Bayer 04 (fleshka77) Esports,RB Leipzig (stdm) Esports,Тб(4.5),21,1,24,4,Betcity
Киберфутбол,6.24,48 сек,Betcity,Hoffenheim (OoLancer) Esports,B.M'gladbach (skripp) Esports,Тб(4.5),2.17,7,2.155,5,0
Киберфутбол,3.61,31 сек,Betcity,Bayer 04 (fleshka77) Esports,RB Leipzig (stdm) Esports,Команда1 Тб(1.5),23,3,2.153,3,0
Киберфутбол,3.61,59 сек,Betcity,Bayer 04 (fleshka77) Esports,RB Leipzig (stdm) Esports,Тб(3.5),21,1,2.158,8,Betcity
Киберфутбол,0,2 сек,Betcity,Hoffenheim (OoLancer) Esports,B.M'gladbach (skripp) Esports,Г1(-3),2.251,1,1.82,2,0
Киберфутбол,1.23,2 сек,Betcity,Bayer 04 (fleshka77) Esports,RB Leipzig (stdm) Esports,Команда2 Тб(1.5),21,1,2.053,3,0
Киберфутбол,8.05,15 сек,Betcity,Bayer 04 (fleshka77) Esports,RB Leipzig (stdm) Esports,Тб(2.5),28,8,2.356,6,0
Киберфутбол,1.95,4 сек,Betcity,Hoffenheim (OoLancer) Esports,B.M'gladbach (skripp) Esports,Тм(4.5),2.23,3,1.94,4,0
Киберфутбол,0.12,0 сек,1xbet,Hoffenheim (OoLancer) Esports,B.M'gladbach (skripp) Esports,Тб(5.5),2.54,4,1.673,3,0
Киберфутбол,1.65,2 сек,1xbet,Bayer 04 (fleshka77) Esports,RB Leipzig (stdm) Esports,Гола не будет(2),3.44,4,1.453,3,0
Киберфутбол,0.49,0 сек,Betcity,Bayer 04 (fleshka77) Esports,Hoffenheim (OoLancer) Esports,Тб(4.5),2.21,1,1.853,3,0
Киберфутбол,0,0 сек,Betcity,Bayer 04 (fleshka77) Esports,Hoffenheim (OoLancer) Esports,Команда2 Тб(3.5),2.251,1,1.82,2,0
Киберфутбол,6.12,0 сек,Betcity,Bayer 04 (fleshka77) Esports,Hoffenheim (OoLancer) Esports,Тб(3.5),2.25,5,2.057,7,0
Киберфутбол,1.95,2 сек,Betcity,Dortmund (CarlWhizzer) Esports,RB Leipzig (stdm) Esports,Тб(4.5),2.21,1,1.93,3,0
Киберфутбол,0.56,7 сек,1xbet,Dortmund (CarlWhizzer) Esports,RB Leipzig (stdm) Esports,Тб(5.5),2.6252,2,1.633,3,0
Киберфутбол,10.91,3 сек,Betcity,Dortmund (CarlWhizzer) Esports,RB Leipzig (stdm) Esports,Ф1(-4.25),22,2,2.492,2,0
Киберфутбол,11.43,1 сек,Betcity,Dortmund (CarlWhizzer) Esports,RB Leipzig (stdm) Esports,Г1(-4),2.62,2,1.957,7,Betcity
Киберфутбол,3.02,1 сек,1xbet,Bayer 04 (fleshka77) Esports,Hoffenheim (OoLancer) Esports,Г2(-5),3.53,3,1.462,2,0
Киберфутбол,0.27,0 сек,1xbet,Dortmund (CarlWhizzer) Esports,RB Leipzig (stdm) Esports,Гола не будет(5),3.251,1,1.454,4,1xbet
Киберфутбол,0.84,7 сек,Betcity,RB Leipzig (stdm) Esports,Hoffenheim (OoLancer) Esports,Команда2 Тб(5.5),2.52,2,1.692,2,0
Киберфутбол,0.19,4 сек,1xbet,RB Leipzig (stdm) Esports,Hoffenheim (OoLancer) Esports,Г2(-4),2.63,3,1.632,2,0
Киберфутбол,1.11,0 сек,Betcity,RB Leipzig (stdm) Esports,Hoffenheim (OoLancer) Esports,Тб(6.5),2.11,1,1.951,1,0
Киберфутбол,1.16,3 сек,1xbet,RB Leipzig (stdm) Esports,Hoffenheim (OoLancer) Esports,Г1(2),3.43,3,1.442,2,0
Киберфутбол,1.15,2 сек,1xbet,RB Leipzig (stdm) Esports,Hoffenheim (OoLancer) Esports,Г1(2),2.753,3,1.63,3,0
Киберфутбол,1.38,3 сек,1xbet,RB Leipzig (stdm) Esports,Hoffenheim (OoLancer) Esports,Гола не будет(6),2.14,4,1.962,2,0
Киберфутбол,0.56,0 сек,1xbet,Dortmund (CarlWhizzer) Esports,Hoffenheim (OoLancer) Esports,Команда1 Тб(3.5),2.6252,2,1.631,1,0
Киберфутбол,3.62,1 сек,Betcity,Dortmund (CarlWhizzer) Esports,Hoffenheim (OoLancer) Esports,1,2.8751,1,1.624,4,Betcity
Киберфутбол,6.24,11 сек,Betcity,Dortmund (CarlWhizzer) Esports,Hoffenheim (OoLancer) Esports,Тб(4.5),2.17,7,2.155,5,0
Киберфутбол,0.19,2 сек,Betcity,Dortmund (CarlWhizzer) Esports,Hoffenheim (OoLancer) Esports,2,9.51,1,1.122,2,0
Киберфутбол,1.16,6 сек,1xbet,Dortmund (CarlWhizzer) Esports,Bayer 04 (fleshka77) Esports,Команда2 Тб(1.5),3.41,1,1.443,3,0
Киберфутбол,0.84,3 сек,Betcity,B.M'gladbach (skripp) Esports,RB Leipzig (stdm) Esports,Команда1 Тб(1.5),2.54,4,1.693,3,0
Киберфутбол,1.91,2 сек,Unibet,Dortmund (CarlWhizzer) Esports,Bayer 04 (fleshka77) Esports,Тм(4.5),2.11,1,1.983,3,0
Киберфутбол,1.23,3 сек,Betcity,B.M'gladbach (skripp) Esports,RB Leipzig (stdm) Esports,Тб(3.5),22,2,2.054,4,0
Киберфутбол,0.76,3 сек,1xbet,B.M'gladbach (skripp) Esports,RB Leipzig (stdm) Esports,Тб(4.5),2.3755,5,1.753,3,0
Киберфутбол,0.25,2 сек,1xbet,Dortmund (CarlWhizzer) Esports,Bayer 04 (fleshka77) Esports,Тб(5.5),21,1,2.014,4,1xbet
Киберфутбол,1.23,1 сек,Betcity,B.M'gladbach (skripp) Esports,Hoffenheim (OoLancer) Esports,Тб(3.5),24,4,2.052,2,0
Киберфутбол,1.95,5 сек,Betcity,B.M'gladbach (skripp) Esports,Hoffenheim (OoLancer) Esports,Тб(4.5),2.24,4,1.95,5,0
Киберфутбол,0,1 сек,Betcity,B.M'gladbach (skripp) Esports,Hoffenheim (OoLancer) Esports,Команда2 Тб(3.5),21,1,23,3,0
Киберфутбол,1.95,3 сек,Betcity,RB Leipzig (stdm) Esports,Bayer 04 (fleshka77) Esports,Тб(5.5),2.22,2,1.97,7,Betcity
Киберфутбол,1.52,28 сек,Betcity,RB Leipzig (stdm) Esports,Dortmund (CarlWhizzer) Esports,Команда1 Тб(1.5),2.251,1,1.853,3,0
Киберфутбол,2.02,11 сек,Betcity,B.M'gladbach (skripp) Esports,Dortmund (CarlWhizzer) Esports,Г2(-4),3.51,1,1.442,2,0
Киберфутбол,1.11,3 сек,Betcity,B.M'gladbach (skripp) Esports,Dortmund (CarlWhizzer) Esports,Тб(4.5),2.11,1,1.955,5,Betcity
Киберфутбол,0.44,1 сек,1xbet,B.M'gladbach (skripp) Esports,Dortmund (CarlWhizzer) Esports,Гола не будет(4),31,1,1.512,2,0
Киберфутбол,3.01,24 сек,Betcity,Bayer 04 (fleshka77) Esports,B.M'gladbach (skripp) Esports,Команда2 Тб(1.5),2.253,3,1.93,3,0
Киберфутбол,0.49,2 сек,Betcity,Hoffenheim (OoLancer) Esports,Dortmund (CarlWhizzer) Esports,Тб(5.5),2.21,1,1.853,3,0
Киберфутбол,1.11,0 сек,Betcity,Bayer 04 (fleshka77) Esports,B.M'gladbach (skripp) Esports,Тб(4.5),2.11,1,1.953,3,0
Киберфутбол,1.23,2 сек,Betcity,Hoffenheim (OoLancer) Esports,Dortmund (CarlWhizzer) Esports,Тб(4.5),22,2,2.051,1,0
Киберфутбол,1.23,2 сек,Betcity,Bayer 04 (fleshka77) Esports,B.M'gladbach (skripp) Esports,Ф2(2),21,1,2.052,2,0
Киберфутбол,43.51,1 сек,1xbet,Bayer 04 (fleshka77) Esports,B.M'gladbach (skripp) Esports,Г2(1),3.252,2,2.578,8,1xbet
Киберфутбол,0.93,3 сек,Betcity,Bayer 04 (fleshka77) Esports,B.M'gladbach (skripp) Esports,2,41,1,1.354,4,Betcity
Киберфутбол,0.18,1 сек,Betcity,Hoffenheim (skripp) Esports,Leicester (SpursMax) Esports,Тб(6.5),2.6252,2,1.625,5,Betcity
Киберфутбол,0.61,0 сек,1xbet,Hoffenheim (skripp) Esports,Leicester (SpursMax) Esports,Тм(5.5),2.254,4,1.827,7,1xbet
Киберфутбол,0,2 сек,Betcity,Villarreal (Indenfor) Esports,Hoffenheim (skripp) Esports,Команда2 Тб(2.5),21,1,22,2,0
Киберфутбол,3.61,1 сек,Betcity,Real Sociedad (AlBack) Esports,Roma (Yoshi) Esports,Тб(3.5),23,3,2.155,5,0
Киберфутбол,0.49,0 сек,Betcity,Real Sociedad (AlBack) Esports,Roma (Yoshi) Esports,Команда1 Тб(1.5),2.21,1,1.852,2,0
Киберфутбол,2.16,1 сек,Betcity,Villarreal (Indenfor) Esports,Hoffenheim (skripp) Esports,Команда1 Тб(1.5),3.251,1,1.492,2,0
Киберфутбол,5.88,1 мин 21 сек,Betcity,Villarreal (Indenfor) Esports,Hoffenheim (skripp) Esports,Тб(2.5),24,4,2.257,7,Betcity
Киберфутбол,0,2 сек,Betcity,Villarreal (Indenfor) Esports,Hoffenheim (skripp) Esports,2,21,1,26,6,Betcity
Киберфутбол,33.33,1 сек,Unibet,Villarreal (Indenfor) Esports,Hoffenheim (skripp) Esports,X2,22,2,410,10,Unibet
Киберфутбол,0,2 сек,Unibet,Real Sociedad (AlBack) Esports,Roma (Yoshi) Esports,Тм(4.5),21,1,29,9,Unibet
Киберфутбол,65.78,1 сек,Unibet,Villarreal (Indenfor) Esports,Hoffenheim (skripp) Esports,1,51,1,2.489,9,Unibet
Киберфутбол,0.84,2 сек,Betcity,Roma (Yoshi) Esports,Hoffenheim (skripp) Esports,Команда1 Тб(2.5),2.51,1,1.692,2,0
Киберфутбол,1.95,1 сек,Betcity,Real Sociedad (AlBack) Esports,Leicester (SpursMax) Esports,Тб(4.5),2.21,1,1.92,2,0
Киберфутбол,2.44,31 сек,Betcity,Real Sociedad (AlBack) Esports,Leicester (SpursMax) Esports,Команда1 Тб(2.5),2.11,1,23,0,0
Киберфутбол,5.88,44 сек,Betcity,Real Sociedad (AlBack) Esports,Leicester (SpursMax) Esports,Тб(3.5),23,3,2.2511,11,Betcity
Киберфутбол,1.96,2 сек,1xbet,Roma (Yoshi) Esports,Hoffenheim (skripp) Esports,Тб(3.5),22,2,2.086,6,1xbet
Киберфутбол,0.99,11 сек,Unibet,Real Sociedad (AlBack) Esports,Leicester (SpursMax) Esports,Тм(2.5),21,1,2.046,6,Unibet
Киберфутбол,1.95,2 сек,Betcity,Roma (Yoshi) Esports,Hoffenheim (skripp) Esports,Тб(2.5),2.21,1,1.98,8,Betcity
Киберфутбол,1.16,3 сек,Unibet,Real Sociedad (AlBack) Esports,Leicester (SpursMax) Esports,Гола не будет(3),3.41,1,1.448,8,Unibet
Киберфутбол,0,3 сек,Betcity,Roma (Yoshi) Esports,Hoffenheim (skripp) Esports,1,111,1,1.18,8,Betcity
Киберфутбол,1.37,6 сек,Unibet,Real Sociedad (AlBack) Esports,Hoffenheim (skripp) Esports,Тм(4.5),2.21,1,1.887,7,Unibet
Киберфутбол,0.49,4 сек,1xbet,Leicester (SpursMax) Esports,Villarreal (Indenfor) Esports,Команда1 Тб(1.5),2.23,3,1.852,2,0
Киберфутбол,8.74,42 сек,Betcity,Leicester (SpursMax) Esports,Villarreal (Indenfor) Esports,Тб(4.5),2.22,2,2.1512,12,Betcity
Киберфутбол,1.11,1 сек,Betcity,Leicester (SpursMax) Esports,Villarreal (Indenfor) Esports,Тб(3.5),2.11,1,1.954,4,Betcity
Киберфутбол,0.49,4 сек,Betcity,Real Sociedad (AlBack) Esports,Hoffenheim (skripp) Esports,Тб(4.5),2.21,1,1.854,4,Betcity
Киберфутбол,4.76,36 сек,Betcity,Real Sociedad (AlBack) Esports,Villarreal (Indenfor) Esports,Команда1 Тб(2.5),2.22,2,22,2,0
Киберфутбол,1.55,1 сек,Betcity,Real Sociedad (AlBack) Esports,Villarreal (Indenfor) Esports,1,2.8751,1,1.574,4,Betcity
Киберфутбол,5.86,1 мин 56 сек,Betcity,Leicester (SpursMax) Esports,Roma (Yoshi) Esports,Команда1 Тб(1.5),3.252,2,1.574,4,0
Киберфутбол,0.84,3 сек,Betcity,Real Sociedad (AlBack) Esports,Villarreal (Indenfor) Esports,Тб(5.5),2.51,1,1.697,7,Betcity
Киберфутбол,0.59,4 сек,Betcity,Real Sociedad (AlBack) Esports,Villarreal (Indenfor) Esports,1,6.51,1,1.197,7,Betcity
Киберфутбол,0.49,2 сек,Betcity,Leicester (SpursMax) Esports,Hoffenheim (skripp) Esports,Тб(4.5),2.21,1,1.857,7,Betcity
Киберфутбол,3.01,4 сек,Betcity,Roma (Yoshi) Esports,Villarreal (Indenfor) Esports,Команда1 Тб(2.5),2.251,1,1.95,5,Betcity
Киберфутбол,3.61,33 сек,Betcity,Roma (Yoshi) Esports,Villarreal (Indenfor) Esports,Тб(3.5),21,1,2.154,4,Betcity
Киберфутбол,0,3 сек,Betcity,Roma (Yoshi) Esports,Villarreal (Indenfor) Esports,1,21,1,28,8,Betcity
Киберфутбол,0.84,3 сек,Betcity,Roma (Yoshi) Esports,Villarreal (Indenfor) Esports,Тб(5.5),2.51,1,1.694,4,Betcity
Киберфутбол,2.94,1 сек,1xbet,Leicester (SpursMax) Esports,Hoffenheim (skripp) Esports,Гола не будет(5),2.54,4,1.752,2,0
Киберфутбол,1.95,8 сек,Betcity,Hoffenheim (skripp) Esports,Villarreal (Indenfor) Esports,Тб(3.5),2.21,1,1.95,5,Betcity
Киберфутбол,1.23,1 сек,Betcity,Roma (Yoshi) Esports,Real Sociedad (AlBack) Esports,Тб(5.5),21,1,2.058,8,Betcity
Киберфутбол,2.16,1 сек,Betcity,Hoffenheim (skripp) Esports,Villarreal (Indenfor) Esports,Команда2 Тб(1.5),3.251,1,1.492,2,0
Киберфутбол,0,12 сек,Betcity,Hoffenheim (skripp) Esports,Villarreal (Indenfor) Esports,Обе команды забьют,21,1,25,5,Betcity
Киберфутбол,2.07,1 сек,1xbet,Roma (Yoshi) Esports,Real Sociedad (AlBack) Esports,Тм(5.5),2.6255,5,1.676,6,0
Киберфутбол,1.32,5 сек,Betcity,Hoffenheim (skripp) Esports,Villarreal (Indenfor) Esports,1,31,1,1.534,4,Betcity
Киберфутбол,0.18,3 сек,Betcity,Hoffenheim (skripp) Esports,Roma (Yoshi) Esports,Команда1 Тб(1.5),2.6251,1,1.622,2,0
Киберфутбол,2.44,11 сек,Betcity,Leicester (SpursMax) Esports,Real Sociedad (AlBack) Esports,Тб(4.5),2.11,1,29,9,Betcity
Киберфутбол,0.84,1 сек,Betcity,Leicester (SpursMax) Esports,Real Sociedad (AlBack) Esports,Команда2 Тб(3.5),2.51,1,1.695,5,Betcity
Киберфутбол,0.88,0 сек,Unibet,Leicester (SpursMax) Esports,Real Sociedad (AlBack) Esports,Г2(-4),31,1,1.522,2,0
Киберфутбол,0.49,1 сек,Betcity,Leicester (SpursMax) Esports,Real Sociedad (AlBack) Esports,Тб(5.5),2.22,2,1.857,7,Betcity
Киберфутбол,0.12,2 сек,1xbet,Leicester (SpursMax) Esports,Real Sociedad (AlBack) Esports,Тм(4.5),2.51,1,1.673,3,0
Киберфутбол,0.56,2 сек,Unibet,Hoffenheim (skripp) Esports,Roma (Yoshi) Esports,Гола не будет(4),2.6251,1,1.635,5,Unibet
Киберфутбол,2.53,1 сек,Betcity,Hoffenheim (skripp) Esports,Real Sociedad (AlBack) Esports,Г2(3),2.31,1,1.853,3,0
Киберфутбол,1.95,0 сек,Betcity,Villarreal (Indenfor) Esports,Leicester (SpursMax) Esports,Тб(4.5),2.21,1,1.96,6,Betcity
Киберфутбол,0.18,3 сек,Betcity,Villarreal (Indenfor) Esports,Leicester (SpursMax) Esports,Команда2 Тб(1.5),2.6251,1,1.625,5,Betcity
Киберфутбол,1.23,3 сек,Betcity,Villarreal (Indenfor) Esports,Leicester (SpursMax) Esports,Тб(3.5),21,1,2.056,6,Betcity
Киберфутбол,7.52,2 сек,1xbet,Villarreal (Indenfor) Esports,Leicester (SpursMax) Esports,Гола не будет(4),4.3335,5,1.434,4,0
Киберфутбол,2.7,4 сек,1xbet,Villarreal (Indenfor) Esports,Leicester (SpursMax) Esports,Гола не будет(5),2.14,4,2.013,3,0
Киберфутбол,0.19,10 сек,Betcity,Roma (Yoshi) Esports,Leicester (SpursMax) Esports,1,2.42,2,1.728,8,Betcity
Киберфутбол,1.23,1 мин 19 сек,Betcity,Roma (Yoshi) Esports,Leicester (SpursMax) Esports,Тб(3.5),22,2,2.055,5,Betcity
Киберфутбол,1.11,6 сек,1xbet,Villarreal (Indenfor) Esports,Real Sociedad (AlBack) Esports,Тб(5.5),2.14,4,1.953,3,0
Киберфутбол,0.49,0 сек,Betcity,Roma (Yoshi) Esports,Leicester (SpursMax) Esports,Тб(4.5),2.21,1,1.855,5,Betcity
Киберфутбол,1.19,3 сек,1xbet,Villarreal (Indenfor) Esports,Real Sociedad (AlBack) Esports,Тм(5.5),2.53,3,1.73,3,0
Киберфутбол,0.4,3 сек,Betcity,Roma (Yoshi) Esports,Leicester (SpursMax) Esports,1,191,1,1.068,8,Betcity
Киберфутбол,0.63,0 сек,Betcity,Villarreal (Indenfor) Esports,Real Sociedad (AlBack) Esports,2,3.11,1,1.492,2,0
Киберфутбол,1.09,1 сек,Betcity,Man Utd (skripp) Esports,Chelsea (SpursMax) Esports,Тб(5.5),2.3751,1,1.766,6,Betcity
Киберфутбол,3.61,16 сек,Betcity,Man City (indenfor) Esports,Tottenham (Yoshi) Esports,Команда1 Тб(2.5),21,1,2.155,5,Betcity
Киберфутбол,0,2 сек,Betcity,Man City (indenfor) Esports,Tottenham (Yoshi) Esports,Тб(5.5),21,1,27,7,Betcity
Киберфутбол,0.93,3 сек,Betcity,Man Utd (skripp) Esports,Chelsea (SpursMax) Esports,Г1(-4),41,1,1.352,2,0
Киберфутбол,1.23,28 сек,Betcity,Man Utd (skripp) Esports,Chelsea (SpursMax) Esports,Тб(4.5),22,2,2.057,7,Betcity
Киберфутбол,3.11,27 сек,1xbet,Man City (indenfor) Esports,Tottenham (Yoshi) Esports,Гола не будет(6),3.43,3,1.482,2,0
Киберфутбол,1.23,3 сек,1xbet,Man City (indenfor) Esports,Man Utd (skripp) Esports,Тм(4.5),23,3,2.052,2,0
Киберфутбол,8.05,1 сек,Betcity,Liverpool (AlBack) Esports,Tottenham (Yoshi) Esports,Тм(3.5),22,2,2.3512,12,Betcity
Киберфутбол,2.44,8 сек,Betcity,Man City (indenfor) Esports,Man Utd (skripp) Esports,Команда1 Тб(2.5),2.11,1,25,5,Betcity
Киберфутбол,0.61,0 сек,1xbet,Liverpool (AlBack) Esports,Tottenham (Yoshi) Esports,Тб(3.5),2.253,3,1.824,4,0
Киберфутбол,1.23,2 сек,Betcity,Liverpool (AlBack) Esports,Tottenham (Yoshi) Esports,Команда1 Тб(1.5),22,2,2.052,2,0
Киберфутбол,1.9,2 сек,Betcity,Tottenham (Yoshi) Esports,Man Utd (skripp) Esports,Тб(5.5),2.51,1,1.725,5,Betcity
Киберфутбол,1.11,0 сек,1xbet,Liverpool (AlBack) Esports,Chelsea (SpursMax) Esports,Тб(5.5),2.14,4,1.954,4,0
Киберфутбол,0.66,0 сек,1xbet,Tottenham (Yoshi) Esports,Man Utd (skripp) Esports,Гола не будет(4),3.42,2,1.432,2,0
Киберфутбол,8.1,5 сек,Betcity,Liverpool (AlBack) Esports,Chelsea (SpursMax) Esports,1,34,4,1.698,8,Betcity
Киберфутбол,1.23,53 сек,Betcity,Liverpool (AlBack) Esports,Man Utd (skripp) Esports,Команда1 Тб(1.5),21,1,2.052,2,0
Киберфутбол,3.09,2 сек,Fonbet,Liverpool (AlBack) Esports,Man Utd (skripp) Esports,Тб(4.5),2.22,2,1.946,6,Fonbet
Киберфутбол,2.26,3 сек,Favbet,Liverpool (AlBack) Esports,Man Utd (skripp) Esports,Тм(5),1.951,1,2.153,3,0
Киберфутбол,2.98,1 сек,Favbet,Liverpool (AlBack) Esports,Man Utd (skripp) Esports,Тм(5.5),1.8331,1,2.359,9,Favbet
Киберфутбол,1.16,2 сек,Favbet,Liverpool (AlBack) Esports,Man Utd (skripp) Esports,Гола не будет(6),3.41,1,1.446,6,Favbet
Киберфутбол,0,4 сек,Fonbet,Liverpool (AlBack) Esports,Man City (indenfor) Esports,Команда2 Тб(2.5),2.251,1,1.82,2,0
Киберфутбол,2.98,1 сек,Betcity,Liverpool (AlBack) Esports,Man City (indenfor) Esports,Тб(5.5),1.8332,2,2.353,3,0
Киберфутбол,0,1 сек,Favbet,Inter (Indenfor) Esports,Atalanta (skripp) Esports,1X,1.51,1,32,2,0
Киберфутбол,1.23,0 сек,Favbet,Inter (Indenfor) Esports,Atalanta (skripp) Esports,Тм(5),1.8751,1,2.22,2,0
Киберфутбол,1.52,0 сек,Favbet,Inter (Indenfor) Esports,Atalanta (skripp) Esports,Тм(4.5),2.251,1,1.854,4,Favbet
Киберфутбол,1.12,3 сек,Betcity,Inter (Indenfor) Esports,Atalanta (skripp) Esports,Тб(4.5),1.9091,1,2.155,5,Betcity
Киберфутбол,0,1 сек,Betcity,Inter (Indenfor) Esports,Atalanta (skripp) Esports,Команда2 Тб(1.5),1.81,1,2.257,7,Betcity
Киберфутбол,0,3 сек,Favbet,Inter (Indenfor) Esports,Atalanta (skripp) Esports,1,1.9091,1,2.17,7,Favbet
Киберфутбол,0.2,0 сек,Favbet,Inter (Indenfor) Esports,Atalanta (skripp) Esports,Тм(3.5),2.21,1,1.845,5,Favbet
Киберфутбол,0,20 сек,Favbet,Inter (Indenfor) Esports,Atalanta (skripp) Esports,1,1.9091,1,2.17,7,Favbet
Киберфутбол,0.16,3 сек,Betcity,Napoli (AlBack) Esports,AC Milan (Yoshi) Esports,Тб(4),1.8751,1,2.153,3,0
Киберфутбол,0.26,2 сек,Favbet,Inter (Indenfor) Esports,Atalanta (skripp) Esports,1X,1.2861,1,4.553,3,0
Киберфутбол,2.49,1 сек,Betcity,Napoli (AlBack) Esports,AC Milan (Yoshi) Esports,Тб(3.75),1.81,1,2.383,3,0
Киберфутбол,0.48,1 сек,1xbet,Napoli (AlBack) Esports,AC Milan (Yoshi) Esports,Команда1 Тб(1.5),2.54,4,1.682,2,0
Киберфутбол,1.57,0 сек,Betcity,Napoli (AlBack) Esports,AC Milan (Yoshi) Esports,Тб(3.5),1.6671,1,2.63,3,0
Киберфутбол,1.23,2 сек,Favbet,Inter (Indenfor) Esports,Atalanta (skripp) Esports,Тм(3.5),21,1,2.054,4,Favbet
Киберфутбол,1.12,0 сек,Betcity,Napoli (AlBack) Esports,AC Milan (Yoshi) Esports,Команда2 Тб(2.5),1.9091,1,2.155,5,Betcity
Киберфутбол,2.49,2 сек,Unibet,Inter (Indenfor) Esports,Atalanta (skripp) Esports,Тб(3.5),1.81,1,2.389,9,Unibet
Киберфутбол,1.93,0 сек,Favbet,Inter (Indenfor) Esports,Atalanta (skripp) Esports,Тм(4),1.81,1,2.353,3,0
Киберфутбол,3.76,2 сек,Betcity,Napoli (AlBack) Esports,AC Milan (Yoshi) Esports,Тб(3),1.81,1,2.454,4,Betcity
Киберфутбол,0,4 сек,Favbet,Napoli (AlBack) Esports,AC Milan (Yoshi) Esports,Тм(3.5),2.251,1,1.87,7,Favbet
Киберфутбол,0.49,1 сек,Favbet,Napoli (AlBack) Esports,Lazio (SpursMax) Esports,Тм(7),1.851,1,2.25,5,Favbet
Киберфутбол,0.98,11 сек,Favbet,AC Milan (Yoshi) Esports,Atalanta (skripp) Esports,Тм(5.5),1.81,1,2.310,10,Favbet
Киберфутбол,3.67,7 сек,Favbet,AC Milan (Yoshi) Esports,Atalanta (skripp) Esports,Тм(6),1.8251,1,2.44,4,Favbet
Киберфутбол,0.49,2 сек,Betcity,AC Milan (Yoshi) Esports,Atalanta (skripp) Esports,Тб(5.75),1.851,1,2.23,3,0
Киберфутбол,0,1 сек,Favbet,Napoli (AlBack) Esports,Lazio (SpursMax) Esports,Тм(5.5),1.9091,1,2.18,8,Favbet
Киберфутбол,1.72,5 сек,Olimp,Napoli (AlBack) Esports,Lazio (SpursMax) Esports,Тб(5.5),21,1,2.077,7,Olimp
Киберфутбол,3.29,25 сек,Favbet,AC Milan (Yoshi) Esports,Atalanta (skripp) Esports,Тм(4.5),2.51,1,1.768,8,Favbet
Киберфутбол,0,1 сек,Betcity,AC Milan (Yoshi) Esports,Atalanta (skripp) Esports,Тб(4.5),1.82,2,2.253,3,0
Киберфутбол,1.52,3 сек,1xbet,AC Milan (Yoshi) Esports,Atalanta (skripp) Esports,Гола не будет(5),3.55,5,1.434,4,0
Киберфутбол,0.65,18 сек,1xbet,Lazio (SpursMax) Esports,Inter (Indenfor) Esports,Команда1 Тб(1.5),1.6673,3,2.542,2,0
Киберфутбол,0.78,2 сек,1xbet,Lazio (SpursMax) Esports,Inter (Indenfor) Esports,Команда1 Тб(2.5),1.7272,2,2.422,2,0
Киберфутбол,0.43,0 сек,Favbet,Lazio (SpursMax) Esports,Inter (Indenfor) Esports,Тм(5),1.9251,1,2.13,3,0
Киберфутбол,1.48,10 сек,1xbet,Napoli (AlBack) Esports,Atalanta (skripp) Esports,Команда2 Тб(1.5),24,4,2.062,2,0
Киберфутбол,1.01,11 сек,Betcity,Lazio (SpursMax) Esports,Inter (Indenfor) Esports,Тб(4.5),1.8331,1,2.255,5,Betcity
Киберфутбол,0.61,24 сек,1xbet,Napoli (AlBack) Esports,Atalanta (skripp) Esports,Тб(4.5),2.254,4,1.822,2,0
Киберфутбол,1.82,5 сек,Favbet,Lazio (SpursMax) Esports,Inter (Indenfor) Esports,Тм(4.5),2.251,1,1.868,8,Favbet
Киберфутбол,0.49,0 сек,Betcity,Napoli (AlBack) Esports,Atalanta (skripp) Esports,Команда1 Тб(2.5),2.21,1,1.852,2,0
Киберфутбол,1.12,3 сек,Betcity,Napoli (AlBack) Esports,Atalanta (skripp) Esports,Тб(4),1.7751,1,2.353,3,0
Киберфутбол,5.82,21 сек,Favbet,Lazio (SpursMax) Esports,Inter (Indenfor) Esports,Тм(6),1.9251,1,2.354,4,Favbet
Киберфутбол,0.92,5 сек,Favbet,Lazio (SpursMax) Esports,Inter (Indenfor) Esports,Тм(5.5),2.251,1,1.8310,10,Favbet
Киберфутбол,0,3 сек,Betcity,Lazio (SpursMax) Esports,Inter (Indenfor) Esports,Тб(5.5),1.81,1,2.253,3,0
Киберфутбол,0.17,2 сек,Favbet,Lazio (SpursMax) Esports,Inter (Indenfor) Esports,Гола не будет(5),3.41,1,1.425,5,Favbet
Киберфутбол,17.94,3 сек,1xbet,Lazio (SpursMax) Esports,Inter (Indenfor) Esports,1,154,4,1.282,2,0
Киберфутбол,0.17,0 сек,Favbet,Napoli (AlBack) Esports,Atalanta (skripp) Esports,Гола не будет(4),3.41,1,1.428,8,Favbet
Киберфутбол,3.01,1 сек,Betcity,Lazio (SpursMax) Esports,AC Milan (Yoshi) Esports,Тб(5),1.91,1,2.257,7,Betcity
Киберфутбол,1.01,18 сек,Betcity,Napoli (AlBack) Esports,Inter (Indenfor) Esports,Тб(5.5),1.8331,1,2.254,4,Betcity
Киберфутбол,4.03,11 сек,Betcity,Napoli (AlBack) Esports,Inter (Indenfor) Esports,Тб(5.25),1.951,1,2.232,2,0
Киберфутбол,1.93,0 сек,Betcity,Lazio (SpursMax) Esports,AC Milan (Yoshi) Esports,Команда1 Тб(1.5),1.86,6,2.352,2,Bet365
Киберфутбол,3.9,7 сек,Unibet,Lazio (SpursMax) Esports,AC Milan (Yoshi) Esports,Тб(4.5),1.9091,1,2.288,8,Unibet
Киберфутбол,0,1 сек,Betcity,Napoli (AlBack) Esports,Inter (Indenfor) Esports,Тб(6.5),1.81,1,2.254,4,Betcity
Киберфутбол,0,3 сек,Favbet,Napoli (AlBack) Esports,Inter (Indenfor) Esports,Тм(6.5),1.9091,1,2.16,6,Favbet
Киберфутбол,1.91,0 сек,Favbet,Lazio (SpursMax) Esports,AC Milan (Yoshi) Esports,Тм(5.5),2.11,1,1.989,9,Favbet
Киберфутбол,1.65,3 сек,1xbet,AC Milan (Yoshi) Esports,Inter (Indenfor) Esports,Команда2 Тб(1.5),2.14,4,1.972,2,0
Киберфутбол,0.49,3 сек,1xbet,AC Milan (Yoshi) Esports,Inter (Indenfor) Esports,Тб(5.5),2.21,1,1.853,3,0
Киберфутбол,0,0 сек,Betcity,AC Milan (Yoshi) Esports,Inter (Indenfor) Esports,Тб(4.5),1.82,2,2.253,3,0
Киберфутбол,1.93,2 сек,Betcity,AC Milan (Yoshi) Esports,Inter (Indenfor) Esports,Тб(4.25),1.851,1,2.272,2,0
Киберфутбол,0.49,2 сек,1xbet,AC Milan (Yoshi) Esports,Inter (Indenfor) Esports,Тб(3.5),1.6673,3,2.531,1,0
Киберфутбол,4.59,1 сек,Betcity,AC Milan (Yoshi) Esports,Inter (Indenfor) Esports,Тб(3),1.8251,1,2.452,2,0
Киберфутбол,2.08,0 сек,Betcity,AC Milan (Yoshi) Esports,Inter (Indenfor) Esports,Тб(2.75),1.751,1,2.452,2,0
Киберфутбол,6.36,6 сек,Betcity,AC Milan (Yoshi) Esports,Inter (Indenfor) Esports,Тб(2.5),1.88,8,2.64,4,Bet365
Киберфутбол,0.2,2 сек,1xbet,AC Milan (Yoshi) Esports,Napoli (AlBack) Esports,Команда2 Тб(1.5),1.6153,3,2.642,2,0
Киберфутбол,1.95,28 сек,1xbet,AC Milan (Yoshi) Esports,Napoli (AlBack) Esports,Тб(4.5),2.21,1,1.94,4,1xbet
Киберфутбол,0,2 сек,Favbet,Atalanta (skripp) Esports,Inter (Indenfor) Esports,Тм(4.5),1.81,1,2.2510,10,Favbet
Киберфутбол,0.66,0 сек,Betcity,AC Milan (Yoshi) Esports,Napoli (AlBack) Esports,Тб(4.25),1.9251,1,2.112,2,0
Киберфутбол,2.26,11 сек,Betcity,Atalanta (skripp) Esports,Inter (Indenfor) Esports,Тб(4),1.951,1,2.153,3,0
Киберфутбол,2.08,5 сек,Betcity,AC Milan (Yoshi) Esports,Napoli (AlBack) Esports,Тб(3.75),1.751,1,2.452,2,0
Киберфутбол,3.77,10 сек,Betcity,AC Milan (Yoshi) Esports,Napoli (AlBack) Esports,Тб(3.5),1.7274,4,2.65,5,0
Киберфутбол,5.44,6 сек,Unibet,Atalanta (skripp) Esports,Inter (Indenfor) Esports,Тб(3.5),21,1,2.2311,11,Unibet
Киберфутбол,0.28,2 сек,Betcity,AC Milan (Yoshi) Esports,Napoli (AlBack) Esports,Тб(3.25),1.851,1,2.192,2,0
Киберфутбол,0.86,0 сек,Betcity,Atalanta (skripp) Esports,Inter (Indenfor) Esports,Тб(3),1.91,1,2.152,2,0
Киберфутбол,2.24,0 сек,Favbet,Atalanta (skripp) Esports,Inter (Indenfor) Esports,Тм(2.5),2.21,1,1.919,9,Favbet
Киберфутбол,0,3 сек,Betcity,AC Milan (Yoshi) Esports,Napoli (AlBack) Esports,Тб(2.5),1.81,1,2.253,3,0
Киберфутбол,0.27,0 сек,1xbet,Atalanta (skripp) Esports,Inter (Indenfor) Esports,Гола не будет(2),3.251,1,1.452,2,0
Киберфутбол,2.27,0 сек,Betcity,Lazio (SpursMax) Esports,Napoli (AlBack) Esports,Тб(5),1.8752,2,2.252,2,0
Киберфутбол,1.82,22 сек,1xbet,Lazio (SpursMax) Esports,Napoli (AlBack) Esports,Команда1 Тб(1.5),2.252,2,1.862,2,0
Киберфутбол,1.36,2 сек,1xbet,Lazio (SpursMax) Esports,Napoli (AlBack) Esports,Тб(4.5),1.85,5,2.323,3,0
Киберфутбол,0.16,0 сек,Betcity,Atalanta (skripp) Esports,AC Milan (Yoshi) Esports,Тб(5.25),1.8751,1,2.153,3,0
Киберфутбол,3.01,16 сек,Betcity,Atalanta (skripp) Esports,AC Milan (Yoshi) Esports,Тб(5),1.91,1,2.253,3,0
Киберфутбол,1.3,2 сек,Betcity,Atalanta (skripp) Esports,AC Milan (Yoshi) Esports,Тб(4.5),1.7271,1,2.454,4,Betcity
Киберфутбол,4.48,4 сек,Unibet,Atalanta (skripp) Esports,AC Milan (Yoshi) Esports,Тб(5.5),1.8331,1,2.439,9,Unibet
Киберфутбол,0,1 сек,Favbet,Atalanta (skripp) Esports,AC Milan (Yoshi) Esports,Тм(5),1.81,1,2.254,4,Favbet
Киберфутбол,0.98,6 сек,Betcity,Atalanta (skripp) Esports,AC Milan (Yoshi) Esports,Тб(4.75),1.81,1,2.33,3,0
Киберфутбол,2.98,1 сек,Favbet,Atalanta (skripp) Esports,AC Milan (Yoshi) Esports,Тм(4.5),1.8331,1,2.3510,10,Favbet
Киберфутбол,3.52,0 сек,Favbet,Atalanta (skripp) Esports,AC Milan (Yoshi) Esports,Гола не будет(4),3.51,1,1.474,4,Favbet
Киберфутбол,6.77,3 сек,Favbet,Atalanta (skripp) Esports,AC Milan (Yoshi) Esports,Гола не будет(5),3.253,3,1.596,6,Favbet
Киберфутбол,4.05,3 сек,Favbet,Inter (Indenfor) Esports,Lazio (SpursMax) Esports,Тм(5),1.91,1,2.32,2,0
Киберфутбол,5.22,7 сек,Betcity,Atalanta (skripp) Esports,Napoli (AlBack) Esports,Тб(4.25),1.852,2,2.443,3,0
Киберфутбол,8.74,27 сек,Betcity,Atalanta (skripp) Esports,Napoli (AlBack) Esports,Тб(4.5),2.22,2,2.158,8,Betcity
Киберфутбол,11.79,3 сек,Betcity,Atalanta (skripp) Esports,Napoli (AlBack) Esports,Тб(4),1.82,2,2.954,4,0
Киберфутбол,1.91,0 сек,Fonbet,Atalanta (skripp) Esports,Napoli (AlBack) Esports,Г1(-2),2.31,1,1.833,3,0
Киберфутбол,1.12,1 сек,Fonbet,Atalanta (skripp) Esports,Napoli (AlBack) Esports,1,1.1821,1,73,3,0
Киберфутбол,1.23,2 сек,Favbet,Inter (Indenfor) Esports,Lazio (SpursMax) Esports,Тм(5.5),21,1,2.054,4,Favbet
Киберфутбол,16.7,1 сек,Unibet,Inter (Indenfor) Esports,Lazio (SpursMax) Esports,Г2(4),32,2,1.912,2,0
Киберфутбол,8.62,2 сек,Betcity,Inter (Indenfor) Esports,Lazio (SpursMax) Esports,Тб(6.5),2.14,4,2.258,8,Betcity
Киберфутбол,2.08,3 сек,Betcity,Inter (Indenfor) Esports,Lazio (SpursMax) Esports,Тб(6),1.751,1,2.452,2,0
Киберфутбол,2.93,1 сек,Betcity,Inter (Indenfor) Esports,Lazio (SpursMax) Esports,Тб(5.75),1.7751,1,2.451,1,0
Киберфутбол,1.42,3 сек,1xbet,Atalanta (skripp) Esports,Napoli (AlBack) Esports,Тм(4.5),2.3754,4,1.774,4,0
Киберфутбол,0.17,2 сек,Favbet,Inter (Indenfor) Esports,Lazio (SpursMax) Esports,Гола не будет(5),3.41,1,1.422,2,0
Киберфутбол,1.55,2 сек,Unibet,AC Milan (Yoshi) Esports,Lazio (SpursMax) Esports,Тм(4.5),1.81,1,2.335,5,Unibet
Киберфутбол,2.7,20 сек,1xbet,Inter (Indenfor) Esports,Napoli (AlBack) Esports,Тб(3.5),2.12,2,2.014,4,0
Киберфутбол,0.61,9 сек,1xbet,Inter (Indenfor) Esports,Napoli (AlBack) Esports,Тб(4.5),2.251,1,1.824,4,1xbet
Киберфутбол,1.13,1 сек,1xbet,Inter (Indenfor) Esports,Napoli (AlBack) Esports,Команда2 Тб(1.5),1.7271,1,2.442,2,0
Киберфутбол,1.61,1 сек,Unibet,AC Milan (Yoshi) Esports,Lazio (SpursMax) Esports,Тб(3.5),1.8331,1,2.287,7,Unibet
Киберфутбол,0.43,3 сек,1xbet,AC Milan (Yoshi) Esports,Lazio (SpursMax) Esports,Тм(3.5),1.7272,2,2.43,3,0
Киберфутбол,21.06,1 сек,Unibet,Inter (Indenfor) Esports,Napoli (AlBack) Esports,1,4.3331,1,1.682,2,0
Киберфутбол,1.95,3 сек,Favbet,Inter (Indenfor) Esports,Napoli (AlBack) Esports,Тм(3.5),2.21,1,1.910,10,Favbet
Киберфутбол,0.3,28 сек,Favbet,Inter (Indenfor) Esports,Napoli (AlBack) Esports,Ф1(0.5),1.751,1,2.3515,15,Favbet
Киберфутбол,0,1 сек,Unibet,AC Milan (Yoshi) Esports,Lazio (SpursMax) Esports,Тм(2.5),1.81,1,2.253,3,0
Киберфутбол,0.66,12 сек,Favbet,Inter (Indenfor) Esports,Napoli (AlBack) Esports,Гола не будет(3),3.41,1,1.438,8,Favbet
Киберфутбол,1.23,0 сек,Favbet,Inter (Indenfor) Esports,Napoli (AlBack) Esports,X,21,1,2.059,9,Favbet
Киберфутбол,5.82,2 сек,Betcity,Argentina (Oolancer) Esports,Netherlands (WeeMan) Esports,Тб(3),1.9251,1,2.354,4,Betcity
Киберфутбол,13.59,7 сек,Unibet,Argentina (Oolancer) Esports,Netherlands (WeeMan) Esports,1X,1.31,1,95,5,Unibet
Киберфутбол,8.35,40 сек,Favbet,Argentina (Oolancer) Esports,Netherlands (WeeMan) Esports,Тб(3.5),1.8331,1,2.6511,11,Favbet
Киберфутбол,0.18,2 сек,Favbet,Argentina (Oolancer) Esports,Netherlands (WeeMan) Esports,Тб(3.25),1.7751,1,2.316,16,Favbet
Киберфутбол,0.61,4 сек,Unibet,Argentina (Oolancer) Esports,Netherlands (WeeMan) Esports,1,2.251,1,1.826,6,Unibet
Киберфутбол,1.19,1 сек,1xbet,Spain (praym) Esports,Italy (Void) Esports,Тб(1.5),2.53,3,1.74,4,0
Киберфутбол,5.85,12 сек,Favbet,Argentina (Oolancer) Esports,Netherlands (WeeMan) Esports,Тб(2.5),1.6671,1,2.911,11,Favbet
Киберфутбол,0.3,0 сек,Betcity,Argentina (Oolancer) Esports,Netherlands (WeeMan) Esports,Ф1(-0.5),1.751,1,2.359,9,Betcity
Киберфутбол,1.15,1 сек,Unibet,Argentina (Oolancer) Esports,Netherlands (WeeMan) Esports,Гола не будет(4),2.751,1,1.67,7,Unibet
Киберфутбол,1.55,1 сек,Betcity,Belgium (Dimqaa) Esports,Netherlands (WeeMan) Esports,Тб(2.25),1.81,1,2.335,5,Betcity
Киберфутбол,4.03,16 сек,Betcity,Belgium (Dimqaa) Esports,Netherlands (WeeMan) Esports,Команда1 Тб(1.5),3.253,3,1.533,3,0
Киберфутбол,1.9,7 сек,Betcity,Belgium (Dimqaa) Esports,Netherlands (WeeMan) Esports,Тб(2.5),2.55,5,1.726,6,0
Киберфутбол,33.53,1 сек,Unibet,Belgium (Dimqaa) Esports,Netherlands (WeeMan) Esports,X2,2.3757,7,3.052,2,Bet365
Киберфутбол,4.62,1 сек,Unibet,Argentina (Oolancer) Esports,Spain (praym) Esports,Тб(3.5),2.3752,2,1.879,9,Unibet
Киберфутбол,22.22,0 сек,Olimp,Netherlands (WeeMan) Esports,Spain (praym) Esports,Хотя бы одна не забьет,2.752,2,2.23,3,0
Киберфутбол,2.97,2 сек,Fonbet,Netherlands (WeeMan) Esports,Spain (praym) Esports,Тб(2.5),1.7273,3,2.556,6,Fonbet
Киберфутбол,15.91,3 сек,Unibet,Belgium (Dimqaa) Esports,Italy (Void) Esports,1,1.53,3,5.12,2,0
Киберфутбол,7.14,28 сек,Unibet,Belgium (Dimqaa) Esports,Italy (Void) Esports,12,1.2512,12,7.51,1,Bet365
Киберфутбол,3.31,56 сек,Unibet,Belgium (Dimqaa) Esports,Italy (Void) Esports,1X,1.19,9,171,1,Bet365
Киберфутбол,0,1 сек,Favbet,Netherlands (WeeMan) Esports,Spain (praym) Esports,Гола не будет(2),21,1,26,6,Favbet
Киберфутбол,2.33,2 сек,Fonbet,Belgium (Dimqaa) Esports,Spain (praym) Esports,Обе команды забьют,1.6671,1,2.652,2,0
Киберфутбол,3.74,13 сек,Favbet,Belgium (Dimqaa) Esports,Spain (praym) Esports,Тб(3),1.9251,1,2.251,1,0
Киберфутбол,0.57,1 сек,Fonbet,Belgium (Dimqaa) Esports,Spain (praym) Esports,Команда2 Тб(1.5),2.11,1,1.933,3,0
Киберфутбол,7.44,27 сек,Favbet,Belgium (Dimqaa) Esports,Spain (praym) Esports,Тб(2.5),2.11,1,2.25,5,Favbet
Киберфутбол,8.58,0 сек,Favbet,Belgium (Dimqaa) Esports,Spain (praym) Esports,Тб(2),1.951,1,2.454,4,Favbet
Киберфутбол,0.49,0 сек,Favbet,Belgium (Dimqaa) Esports,Spain (praym) Esports,Тб(1.75),1.851,1,2.21,1,0
Киберфутбол,10.61,4 сек,Betcity,Belgium (Dimqaa) Esports,Spain (praym) Esports,Ф2(1),1.9251,1,2.63,3,0
Киберфутбол,1.32,24 сек,Favbet,Belgium (Dimqaa) Esports,Spain (praym) Esports,X2,2.6251,1,1.656,6,Favbet
Киберфутбол,6.98,7 сек,Favbet,Belgium (Dimqaa) Esports,Spain (praym) Esports,Тб(3.5),21,1,2.34,4,Favbet
Киберфутбол,3.07,1 сек,Unibet,Italy (Void) Esports,Argentina (Oolancer) Esports,Тм(3.5),1.6671,1,2.711,11,0
Киберфутбол,4.67,2 сек,Favbet,Belgium (Dimqaa) Esports,Spain (praym) Esports,12,1.5331,1,3.32,2,0
Киберфутбол,7.51,15 сек,Favbet,Belgium (Dimqaa) Esports,Spain (praym) Esports,12,1.8333,3,2.63,3,0
Киберфутбол,3.11,35 сек,Favbet,Belgium (Dimqaa) Esports,Spain (praym) Esports,2,3.41,1,1.488,8,Favbet
Киберфутбол,5.54,24 сек,Betcity,Belgium (Dimqaa) Esports,Spain (praym) Esports,1,6.57,7,1.264,4,Bet365
Киберфутбол,0,2 сек,Mostbet,Italy (Void) Esports,Argentina (Oolancer) Esports,Гола не будет(4),3.52,2,1.42,2,0
Киберфутбол,1.3,2 сек,Betcity,Italy (Void) Esports,Netherlands (WeeMan) Esports,Тб(2.5),1.7271,1,2.453,3,0
Киберфутбол,0.84,4 сек,Betcity,Italy (Void) Esports,Netherlands (WeeMan) Esports,Команда1 Тб(1.5),2.51,1,1.692,2,0
Киберфутбол,1.09,13 сек,Betcity,Belgium (Dimqaa) Esports,Argentina (Oolancer) Esports,Команда2 Тб(2.5),2.3751,1,1.761,1,0
Киберфутбол,3.85,39 сек,Betcity,Italy (Void) Esports,Netherlands (WeeMan) Esports,Тб(2.25),1.9751,1,2.194,4,Betcity
Киберфутбол,27.92,4 сек,Unibet,Belgium (Dimqaa) Esports,Argentina (Oolancer) Esports,Г1(2),34,4,2.233,3,0
Киберфутбол,2.26,19 сек,Betcity,Italy (Void) Esports,Netherlands (WeeMan) Esports,Тб(3),1.951,1,2.153,3,0
Киберфутбол,0.79,1 сек,Unibet,Belgium (Dimqaa) Esports,Argentina (Oolancer) Esports,Тб(3.5),2.21,1,1.868,8,Unibet
Киберфутбол,5.49,0 сек,Favbet,Belgium (Dimqaa) Esports,Argentina (Oolancer) Esports,Тб(3),1.8251,1,2.54,4,Favbet
Киберфутбол,1.93,2 сек,Favbet,Belgium (Dimqaa) Esports,Argentina (Oolancer) Esports,Тб(2.5),1.82,2,2.355,5,Favbet
Киберфутбол,0.27,0 сек,Fonbet,Belgium (Dimqaa) Esports,Argentina (Oolancer) Esports,Гола не будет(3),3.252,2,1.452,2,0
Киберфутбол,1.27,1 сек,Unibet,Netherlands (WeeMan) Esports,Argentina (Oolancer) Esports,Тб(5.5),1.5711,1,2.856,6,Unibet
Киберфутбол,6.78,23 сек,Betcity,Netherlands (WeeMan) Esports,Argentina (Oolancer) Esports,Команда2 Тб(5.5),2.6251,1,1.83,3,0
Киберфутбол,0,7 сек,Olimp,Netherlands (WeeMan) Esports,Argentina (Oolancer) Esports,Г2(-4),2.254,4,1.82,2,0
Киберфутбол,15.53,14 сек,Unibet,Netherlands (WeeMan) Esports,Argentina (Oolancer) Esports,Г2(-5),3.44,4,1.752,2,0
Киберфутбол,14.48,10 сек,Betcity,Netherlands (WeeMan) Esports,Argentina (Oolancer) Esports,Ф2(-4.75),1.92,2,2.882,2,0
Киберфутбол,8.05,1 сек,Favbet,Netherlands (WeeMan) Esports,Argentina (Oolancer) Esports,Тб(6.5),21,1,2.359,9,Favbet
Киберфутбол,30.95,11 сек,Betcity,Netherlands (WeeMan) Esports,Argentina (Oolancer) Esports,Г2(-6),2.56,6,2.754,4,0
Киберфутбол,12.85,23 сек,Favbet,Netherlands (WeeMan) Esports,Argentina (Oolancer) Esports,Тб(7.5),2.3751,1,2.158,8,Favbet
Киберфутбол,16.17,21 сек,Betcity,Netherlands (WeeMan) Esports,Argentina (Oolancer) Esports,Ф2(-6.25),2.18,8,2.69,9,0
Киберфутбол,30.32,13 сек,Betcity,Netherlands (WeeMan) Esports,Argentina (Oolancer) Esports,Ф2(-6),1.652,2,6.22,2,0
Киберфутбол,8.12,0 сек,Betcity,Netherlands (WeeMan) Esports,Argentina (Oolancer) Esports,Тб(6.75),1.6752,2,3.053,3,0
Киберфутбол,2.16,3 сек,Betcity,Netherlands (WeeMan) Esports,Belgium (Dimqaa) Esports,Команда2 Тб(1.5),3.255,5,1.492,2,Bet365
Киберфутбол,0.02,1 сек,Favbet,Netherlands (WeeMan) Esports,Belgium (Dimqaa) Esports,12,1.3641,1,3.754,4,Favbet
Киберфутбол,4.29,28 сек,Olimp,Spain (praym) Esports,Argentina (Oolancer) Esports,Г2(-4),2.753,3,1.682,2,0
Киберфутбол,0.36,3 сек,Betcity,Spain (praym) Esports,Argentina (Oolancer) Esports,Ф2(-3.75),1.7251,1,2.42,2,0
Киберфутбол,3.29,29 сек,Betcity,Spain (praym) Esports,Argentina (Oolancer) Esports,Тб(5.5),2.53,3,1.764,4,0
Киберфутбол,0.49,1 сек,Betcity,Spain (praym) Esports,Argentina (Oolancer) Esports,Команда2 Тб(4.5),2.21,1,1.853,3,0
Киберфутбол,1.9,36 сек,Favbet,Spain (praym) Esports,Argentina (Oolancer) Esports,Тб(4.5),1.5711,1,2.98,8,Favbet
Киберфутбол,4.66,9 сек,Unibet,Spain (praym) Esports,Argentina (Oolancer) Esports,Ф2(-4.5),1.95,5,2.336,6,0
Киберфутбол,3.86,0 сек,Betcity,Spain (praym) Esports,Argentina (Oolancer) Esports,Ф2(-4.25),1.7251,1,2.612,2,0
Киберфутбол,0.18,7 сек,Unibet,Netherlands (WeeMan) Esports,Belgium (Dimqaa) Esports,Гола не будет(3),2.6251,1,1.623,3,0
Киберфутбол,0.49,30 сек,1xbet,Im Not Over (PNZ) Esports,CSKONI (CSK) Esports,1X,1.6671,1,2.532,2,0
Киберфутбол,0,3 сек,Favbet,Spain (praym) Esports,Netherlands (WeeMan) Esports,12,1.51,1,32,2,0
Киберфутбол,1.12,1 сек,Betcity,Spain (praym) Esports,Netherlands (WeeMan) Esports,Тб(3),1.7751,1,2.352,2,0
Киберфутбол,2.22,8 сек,Favbet,Spain (praym) Esports,Netherlands (WeeMan) Esports,Тб(2.5),1.4441,1,3.53,3,0
Киберфутбол,0.65,18 сек,1xbet,Im Not Over (PNZ) Esports,CSKONI (CSK) Esports,X,5.51,1,1.2323,3,0
Киберфутбол,2.06,0 сек,Fonbet,Spain (praym) Esports,Netherlands (WeeMan) Esports,1,4.52,2,1.324,4,0
Киберфутбол,0.57,45 сек,1xbet,Xalinho FC (XAL) Esports,Trader FC (TRD) Esports,Команда2 Тб(1.5),2.12,2,1.932,2,0
Киберфутбол,5.34,0 сек,Favbet,Argentina (Oolancer) Esports,Italy (Void) Esports,Гола не будет(6),72,2,1.241,1,0
Киберфутбол,2.7,1 сек,Fonbet,Spain (praym) Esports,Belgium (Dimqaa) Esports,1,7.52,2,1.195,5,Fonbet
Киберфутбол,0.3,2 сек,188bet,Xalinho FC (XAL) Esports,Trader FC (TRD) Esports,Тб(2.5),2.11,1,1.924,4,188bet
Киберфутбол,0.99,3 сек,188bet,Xalinho FC (XAL) Esports,Trader FC (TRD) Esports,Тб(2.25),21,1,2.043,3,0
Киберфутбол,6.82,2 сек,Favbet,Argentina (Oolancer) Esports,Belgium (Dimqaa) Esports,Тм(5),1.9251,1,2.48,8,Favbet
Киберфутбол,15.91,14 сек,Favbet,Argentina (Oolancer) Esports,Belgium (Dimqaa) Esports,Тм(5.5),2.21,1,2.458,8,Favbet
Киберфутбол,7.87,3 сек,Favbet,Argentina (Oolancer) Esports,Belgium (Dimqaa) Esports,Тм(5.75),1.7751,1,2.7513,13,Favbet
Киберфутбол,6.78,0 сек,Betcity,Argentina (Oolancer) Esports,Belgium (Dimqaa) Esports,Команда1 Тб(5.5),2.6251,1,1.82,2,0
Киберфутбол,4.76,28 сек,Betcity,Argentina (Oolancer) Esports,Belgium (Dimqaa) Esports,Г1(-4),2.26,6,22,2,Bet365
Киберфутбол,8.79,0 сек,Betcity,Argentina (Oolancer) Esports,Belgium (Dimqaa) Esports,Ф1(-4),1.81,1,2.752,2,0
Киберфутбол,0.55,0 сек,Fonbet,Netherlands (WeeMan) Esports,Italy (Void) Esports,12,1.52,2,3.054,4,0
Киберфутбол,1.94,2 сек,Favbet,Netherlands (WeeMan) Esports,Italy (Void) Esports,Гола не будет(2),3.751,1,1.46,6,Favbet
Киберфутбол,0,2 сек,Favbet,Argentina (Oolancer) Esports,Belgium (Dimqaa) Esports,Гола не будет(4),51,1,1.252,2,0
Киберфутбол,0.98,2 сек,Favbet,Marseille (praym) Esports,Monaco (Void) Esports,Тм(4.5),1.81,1,2.36,6,Favbet
Киберфутбол,0.57,1 сек,1xbet,Im Not Over (PNZ) Esports,Tahcop73 (TAH) Esports,Тм(8.5),2.11,1,1.933,3,0
Киберфутбол,0.45,1 сек,Favbet,Marseille (praym) Esports,Monaco (Void) Esports,12,1.4446,6,3.32,2,Bet365
Киберфутбол,1.66,0 сек,Favbet,Lille (OoLancer) Esports,Marseille (praym) Esports,Тб(3.5),2.22,2,1.892,2,0
Киберфутбол,1.75,1 сек,Favbet,Lille (OoLancer) Esports,Marseille (praym) Esports,Тб(2.5),1.6151,1,2.752,2,0
Киберфутбол,0.48,2 сек,1xbet,Xalinho FC (XAL) Esports,Confession (CFI) Esports,Команда1 Тб(2.5),2.52,2,1.682,2,0
Киберфутбол,2.72,14 сек,Favbet,Lyon (Dimqaa) Esports,Nice (WeeMan) Esports,Тб(2),1.8251,1,2.354,4,Favbet
Киберфутбол,1.52,12 сек,Betcity,Lille (OoLancer) Esports,Marseille (praym) Esports,Ф1(-1),1.851,1,2.252,2,0
Киберфутбол,3.12,8 сек,Favbet,Lille (OoLancer) Esports,Marseille (praym) Esports,Тб(1.5),1.5331,1,3.153,3,0
Киберфутбол,0,1 сек,Fonbet,Lyon (Dimqaa) Esports,Nice (WeeMan) Esports,12,1.51,1,33,3,0
Киберфутбол,0,0 сек,Betcity,Lyon (Dimqaa) Esports,Nice (WeeMan) Esports,Гола не будет(2),4.3331,1,1.36,6,Betcity
Киберфутбол,1.57,7 сек,Betcity,Lyon (Dimqaa) Esports,Nice (WeeMan) Esports,Тм(2.5),1.6671,1,2.62,2,0
Киберфутбол,1.23,2 сек,Betcity,Lyon (Dimqaa) Esports,Nice (WeeMan) Esports,Тм(2),2.051,1,26,6,Betcity
Киберфутбол,1.32,0 сек,Olimp,Lille (OoLancer) Esports,Marseille (praym) Esports,Гола не будет(3),2.6252,2,1.653,3,0
Киберфутбол,0.12,1 мин 10 сек,1xbet,Trader FC (TRD) Esports,Fints (FIN) Esports,Команда1 Тб(1.5),2.52,2,1.672,2,0
Киберфутбол,1.78,3 сек,1xbet,Trader FC (TRD) Esports,Fints (FIN) Esports,Тб(2.5),1.9092,2,2.183,3,0
Киберфутбол,0.12,0 сек,Pin-up,Trader FC (TRD) Esports,Fints (FIN) Esports,Команда2 Тб(1.5),2.52,2,1.672,2,0
Киберфутбол,0.33,3 сек,1xbet,Trader FC (TRD) Esports,Fints (FIN) Esports,Тб(1.5),1.52,2,3.033,3,0
Киберфутбол,14.32,3 сек,1xbet,Tahcop73 (TAH) Esports,Rattata 522 (NFC) Esports,Тб(3.5),2.21,1,2.384,4,1xbet
Киберфутбол,12.54,32 сек,1xbet,Tahcop73 (TAH) Esports,Rattata 522 (NFC) Esports,Команда1 Тб(1.5),2.6251,1,1.972,2,0
Киберфутбол,11.39,1 сек,1xbet,Tahcop73 (TAH) Esports,Rattata 522 (NFC) Esports,Обе команды забьют,1.6151,1,3.592,2,0
Киберфутбол,5.65,17 сек,1xbet,Tahcop73 (TAH) Esports,Rattata 522 (NFC) Esports,Тб(3.25),1.91,1,2.384,4,1xbet
Киберфутбол,3.57,37 сек,1xbet,Tahcop73 (TAH) Esports,Rattata 522 (NFC) Esports,Команда2 Тб(1.5),1.5711,1,3.042,2,0
Киберфутбол,1.95,0 сек,Betcity,Lyon (Dimqaa) Esports,Marseille (praym) Esports,Команда1 Тб(1.5),2.21,1,1.94,4,Betcity
Киберфутбол,1.3,2 сек,Unibet,Lyon (Dimqaa) Esports,Marseille (praym) Esports,Тб(2.5),1.7271,1,2.453,3,0
Киберфутбол,6.81,0 сек,Unibet,Monaco (Void) Esports,Lille (OoLancer) Esports,Г1(3),2.051,1,2.234,4,Unibet
Киберфутбол,0.89,0 сек,Favbet,Lyon (Dimqaa) Esports,Marseille (praym) Esports,12,1.3332,2,4.152,2,0
Киберфутбол,0.27,2 сек,Olimp,Lyon (Dimqaa) Esports,Marseille (praym) Esports,Команда2 Тб(1.5),3.254,4,1.453,3,0
Киберфутбол,23.08,9 сек,Olimp,Lyon (Dimqaa) Esports,Marseille (praym) Esports,Г2(1),23,3,3.25,5,0
Киберфутбол,2.01,19 сек,Fonbet,Lyon (Dimqaa) Esports,Marseille (praym) Esports,Тб(1.5),1.8336,6,2.32,2,Bet365
Киберфутбол,1.79,23 сек,Favbet,Lyon (Dimqaa) Esports,Marseille (praym) Esports,12,1.4441,1,3.454,4,Favbet
Киберфутбол,1.69,1 сек,Unibet,Monaco (Void) Esports,Lille (OoLancer) Esports,Г2(-2),2.61,1,1.677,7,Unibet
Киберфутбол,19.27,4 сек,Unibet,Monaco (Void) Esports,Lille (OoLancer) Esports,12,1.3642,2,9.53,3,0
Киберфутбол,4.66,24 сек,Betcity,Monaco (Void) Esports,Lille (OoLancer) Esports,Ф2(-0.75),1.91,1,2.332,2,0
Киберфутбол,6.08,32 сек,Betcity,Monaco (Void) Esports,Lille (OoLancer) Esports,2,1.7273,3,2.758,8,Betcity
Киберфутбол,2.13,29 сек,Unibet,Monaco (Void) Esports,Lille (OoLancer) Esports,Ф2(-0.5),1.851,1,2.289,9,Unibet
Киберфутбол,1.66,2 сек,1xbet,Tahcop73 (TAH) Esports,Rattata 522 (NFC) Esports,Тб(3.5),2.21,1,1.892,2,0
Киберфутбол,0.49,13 сек,Betcity,Lyon (Dimqaa) Esports,Lille (OoLancer) Esports,Ф2(-1.75),1.851,1,2.23,3,0
Киберфутбол,0.17,3 сек,Olimp,Monaco (Void) Esports,Nice (WeeMan) Esports,Команда1 Тб(1.5),3.44,4,1.424,4,0
Киберфутбол,0.84,3 сек,Betcity,Monaco (Void) Esports,Nice (WeeMan) Esports,Тб(3.5),2.53,3,1.693,3,0
Киберфутбол,0.27,3 сек,Olimp,Monaco (Void) Esports,Nice (WeeMan) Esports,Г1(1),3.251,1,1.455,5,Olimp
Киберфутбол,3.79,0 сек,Unibet,Monaco (Void) Esports,Nice (WeeMan) Esports,Тб(2.5),1.6675,5,2.755,5,0
Киберфутбол,7.31,12 сек,Betcity,Lyon (Dimqaa) Esports,Lille (OoLancer) Esports,Ф2(-4),1.9751,1,2.352,2,0
Киберфутбол,3.62,16 сек,Betcity,Lyon (Dimqaa) Esports,Lille (OoLancer) Esports,Г2(-4),2.8752,2,1.623,3,0
Киберфутбол,2.07,19 сек,Betcity,Lyon (Dimqaa) Esports,Lille (OoLancer) Esports,Ф2(-3.75),1.7251,1,2.54,4,Betcity
Киберфутбол,0,1 сек,Olimp,Marseille (praym) Esports,Nice (WeeMan) Esports,Г1(1),34,4,1.55,5,0
Киберфутбол,1.48,1 мин 57 сек,1xbet,Rattata 522 (NFC) Esports,Im Not Over (PNZ) Esports,Команда2 Тб(1.5),21,1,2.062,2,0
Киберфутбол,1.16,8 сек,Betcity,Nice (WeeMan) Esports,Monaco (Void) Esports,Команда1 Тб(1.5),3.43,3,1.443,3,0
Киберфутбол,0.94,3 сек,1xbet,Rattata 522 (NFC) Esports,Im Not Over (PNZ) Esports,Тб(3.5),2.6251,1,1.642,2,0
Киберфутбол,3.52,20 сек,Favbet,Lille (OoLancer) Esports,Lyon (Dimqaa) Esports,Гола не будет(4),3.51,1,1.472,2,0
Киберфутбол,4.95,3 сек,Fonbet,Hoffenheim (WeeMan) Esports,Leicester (praym) Esports,Команда1 Тб(1.5),3.251,1,1.554,4,Fonbet
Киберфутбол,7.08,12 сек,Betcity,Roma (Void) Esports,Real Sociedad (OoLancer) Esports,Команда2 Тб(5.5),2.3751,1,1.954,4,Betcity
Киберфутбол,0.84,0 сек,Pin-up,Megapolice (MEG) Esports,Fints (FIN) Esports,Тб(2.5),2.12,2,1.942,2,0
Киберфутбол,5,8 сек,1xbet,Legion (LEG) Esports,Im Not Over (PNZ) Esports,Г1(-2),2.6251,1,1.751,1,0
Киберфутбол,1.08,3 сек,Favbet,Hoffenheim (WeeMan) Esports,Villarreal (Dimqaa) Esports,Гола не будет(4),2.21,1,1.875,5,Favbet
Киберфутбол,15.54,2 сек,Betcity,Leicester (praym) Esports,Hoffenheim (WeeMan) Esports,Команда1 Тб(2.5),2.3751,1,2.255,5,Betcity
Киберфутбол,4.35,3 сек,Unibet,A.Bilbao (OoLancer) Esports,A.Madrid (WeeMan) Esports,X2,81,1,1.23,3,0
Киберфутбол,2.35,3 сек,Unibet,B.M'gladbach (Weeman) Esports,Hoffenheim (OoLancer) Esports,Гола не будет(5),4.3331,1,1.342,2,0
Киберфутбол,0.76,2 сек,1xbet,Dallas Stars (DLS) Esports,Raticate 522 (PSG) Esports,Команда1 Тб(2.5),2.3752,2,1.752,2,0
Киберфутбол,0.56,0 сек,Favbet,B.M'gladbach (Weeman) Esports,RB Leipzig (AlBack) Esports,1,2.6251,1,1.634,4,Favbet
Киберфутбол,11.24,3 сек,Betcity,B.M'gladbach (Weeman) Esports,RB Leipzig (AlBack) Esports,Команда2 Тм(1.5),2.21,1,2.255,5,Betcity
Киберфутбол,20.62,3 сек,Betcity,Dortmund (praym) Esports,Hoffenheim (OoLancer) Esports,Г2(-1),2.254,4,2.64,4,0
Киберфутбол,0.79,1 сек,1xbet,Dallas Stars (DLS) Esports,Raticate 522 (PSG) Esports,Г1(1),2.21,1,1.864,4,1xbet
Киберфутбол,20.62,4 сек,Favbet,Dortmund (praym) Esports,Hoffenheim (OoLancer) Esports,2,2.61,1,2.256,6,Favbet
Киберфутбол,0.59,8 сек,1xbet,Dallas Stars (DLS) Esports,Raticate 522 (PSG) Esports,1X,6.52,2,1.192,2,0
Киберфутбол,3.63,3 сек,Mostbet,Dortmund (praym) Esports,Hoffenheim (OoLancer) Esports,Команда1 Тм(1.5),2.52,2,1.773,3,0
Киберфутбол,1.23,13 сек,Betcity,Dortmund (praym) Esports,Hoffenheim (OoLancer) Esports,Тб(3.5),21,1,2.057,7,Betcity
Киберфутбол,7.27,46 сек,Betcity,Dortmund (praym) Esports,Hoffenheim (OoLancer) Esports,Команда2 Тб(1.5),2.251,1,2.051,1,0
Киберфутбол,1.19,0 сек,1xbet,B.M'gladbach (Weeman) Esports,RB Leipzig (AlBack) Esports,Тм(3.5),2.53,3,1.75,5,0
Киберфутбол,7.38,31 сек,Unibet,Dortmund (praym) Esports,Hoffenheim (OoLancer) Esports,Тм(2.5),2.3756,6,1.967,7,0
Киберфутбол,9.78,1 сек,Betcity,Dortmund (praym) Esports,Hoffenheim (OoLancer) Esports,2,2.61,1,1.98,8,Betcity
Киберфутбол,3.61,19 сек,Betcity,Dortmund (praym) Esports,B.M'gladbach (Weeman) Esports,Тб(2.5),22,2,2.156,6,Betcity
Киберфутбол,0,1 сек,Betcity,Dortmund (praym) Esports,B.M'gladbach (Weeman) Esports,Команда1 Тб(1.5),2.251,1,1.83,3,0
Киберфутбол,0.84,0 сек,Unibet,Bayer 04 (vito) Esports,RB Leipzig (AlBack) Esports,Тб(4.5),2.11,1,1.9410,10,Unibet
Киберфутбол,1.18,2 сек,Mostbet,Bayer 04 (vito) Esports,RB Leipzig (AlBack) Esports,Гола не будет(6),4.3333,3,1.322,2,0
Киберфутбол,1.55,1 сек,Fonbet,Bayer 04 (vito) Esports,RB Leipzig (AlBack) Esports,Гола не будет(7),2.753,3,1.612,2,0
Киберфутбол,1.11,0 сек,1xbet,Rockmen (ROC) Esports,Trader FC (TRD) Esports,Тм(2.5),2.11,1,1.953,3,0
Киберфутбол,0.3,1 сек,Favbet,Hoffenheim (OoLancer) Esports,Bayer 04 (vito) Esports,Тм(4.5),2.11,1,1.927,7,Favbet
Киберфутбол,0,1 сек,Unibet,Hoffenheim (OoLancer) Esports,Bayer 04 (vito) Esports,Г1(1),22,2,27,7,Unibet
Киберфутбол,0,22 сек,Unibet,Hoffenheim (OoLancer) Esports,Bayer 04 (vito) Esports,1X,22,2,28,8,Unibet
Киберфутбол,1.23,18 сек,Unibet,Hoffenheim (OoLancer) Esports,Bayer 04 (vito) Esports,Тм(4.5),21,1,2.056,6,Unibet
Киберфутбол,0.57,11 сек,1xbet,Saturn Rama (SAT) Esports,Dallas Stars (DLS) Esports,Команда1 Тб(1.5),2.12,2,1.932,2,0
Киберфутбол,1.52,0 сек,Favbet,Dortmund (praym) Esports,RB Leipzig (AlBack) Esports,Гола не будет(3),3.51,1,1.433,3,0
Киберфутбол,1.08,2 сек,Unibet,Hoffenheim (OoLancer) Esports,Bayer 04 (vito) Esports,2,2.21,1,1.873,3,0
Киберфутбол,0.59,2 сек,Betcity,Hoffenheim (OoLancer) Esports,Bayer 04 (vito) Esports,1,6.51,1,1.194,4,Betcity
Киберфутбол,5.88,28 сек,Betcity,B.M'gladbach (Weeman) Esports,Bayer 04 (vito) Esports,Команда1 Тб(1.5),2.254,4,23,3,0
Киберфутбол,1.32,8 сек,Betcity,B.M'gladbach (Weeman) Esports,Bayer 04 (vito) Esports,1X,34,4,1.539,9,Betcity
Киберфутбол,1.32,41 сек,Betcity,B.M'gladbach (Weeman) Esports,Bayer 04 (vito) Esports,Г1(1),35,5,1.539,9,Betcity
Киберфутбол,0,14 сек,Betcity,Napoli (indenfor) Esports,Bayer 04 (YOSHI) Esports,Команда1 Тб(1.5),21,1,22,2,0
Киберфутбол,0.27,19 сек,1xbet,Man Utd (SpursMax) Esports,Arsenal (ViTo) Esports,Команда1 Тб(1.5),3.251,1,1.452,2,0
Киберфутбол,0.09,1 сек,1xbet,Man Utd (SpursMax) Esports,Arsenal (ViTo) Esports,Тб(3.5),2.3752,2,1.731,1,0
Киберфутбол,1.72,0 сек,Fonbet,Man Utd (SpursMax) Esports,Arsenal (ViTo) Esports,Обе команды забьют,22,2,2.073,3,0
Киберфутбол,1.72,6 сек,1xbet,Man Utd (SpursMax) Esports,Arsenal (ViTo) Esports,Тб(2.5),21,1,2.073,3,0
Киберфутбол,3.85,11 сек,1xbet,Napoli (indenfor) Esports,Bayer 04 (YOSHI) Esports,Тб(3.5),23,3,2.165,5,0
Киберфутбол,0.12,2 сек,1xbet,Napoli (indenfor) Esports,Bayer 04 (YOSHI) Esports,Команда2 Тб(2.5),2.51,1,1.672,2,0
Киберфутбол,2.52,2 сек,Unibet,Napoli (indenfor) Esports,Bayer 04 (YOSHI) Esports,Тм(2.5),2.21,1,1.927,7,Unibet
Киберфутбол,1.41,2 сек,Favbet,Man Utd (SpursMax) Esports,Arsenal (ViTo) Esports,Гола не будет(2),3.751,1,1.395,5,Favbet
Киберфутбол,2.07,5 сек,Betcity,Man Utd (SpursMax) Esports,Arsenal (ViTo) Esports,2,8.51,1,1.164,4,Betcity
Киберфутбол,4.76,2 сек,Unibet,Tottenham (AlBack) Esports,Bayer 04 (YOSHI) Esports,Тб(4.5),2.21,1,27,7,Unibet
Киберфутбол,1.23,0 сек,Favbet,Tottenham (AlBack) Esports,Bayer 04 (YOSHI) Esports,Тм(3.5),21,1,2.057,7,Favbet
Киберфутбол,2.44,16 сек,Favbet,Napoli (indenfor) Esports,Man Utd (SpursMax) Esports,Тб(5.5),21,1,2.14,4,Favbet
Киберфутбол,0.49,5 сек,1xbet,Tottenham (AlBack) Esports,Bayer 04 (YOSHI) Esports,Тб(3.5),2.21,1,1.853,3,0
Киберфутбол,0.99,3 сек,1xbet,Tottenham (AlBack) Esports,Bayer 04 (YOSHI) Esports,Тб(2.5),24,4,2.044,4,0
Киберфутбол,0,2 сек,Unibet,Tottenham (AlBack) Esports,Bayer 04 (YOSHI) Esports,Гола не будет(2),3.51,1,1.44,4,Unibet
Киберфутбол,2.44,37 сек,Favbet,Tottenham (AlBack) Esports,Arsenal (ViTo) Esports,Тм(6.5),21,1,2.18,8,Favbet
Киберфутбол,2.4,2 сек,Mostbet,Bayer 04 (YOSHI) Esports,Man Utd (SpursMax) Esports,Тб(6.5),2.3751,1,1.86,6,Mostbet
Киберфутбол,1.69,36 сек,Unibet,Bayer 04 (YOSHI) Esports,Man Utd (SpursMax) Esports,Г1(-4),2.6251,1,1.664,4,Unibet
Киберфутбол,0.49,1 сек,Favbet,Bayer 04 (YOSHI) Esports,Man Utd (SpursMax) Esports,Тм(6.5),2.21,1,1.855,5,Favbet
Киберфутбол,0,3 сек,Betcity,Bayer 04 (YOSHI) Esports,Man Utd (SpursMax) Esports,Тб(7.5),21,1,27,7,Betcity
Киберфутбол,0,3 сек,Unibet,Bayer 04 (YOSHI) Esports,Man Utd (SpursMax) Esports,Г1(-3),21,1,27,7,Unibet
Киберфутбол,2.35,0 сек,Favbet,Bayer 04 (YOSHI) Esports,Man Utd (SpursMax) Esports,Гола не будет(6),4.3331,1,1.343,3,0
Киберфутбол,1.52,4 сек,Favbet,Bayer 04 (YOSHI) Esports,Man Utd (SpursMax) Esports,Гола не будет(7),3.51,1,1.432,2,0
Киберфутбол,1.09,3 сек,Betcity,Arsenal (ViTo) Esports,Napoli (indenfor) Esports,Тб(4.5),2.3751,1,1.762,2,0
Киберфутбол,0.86,0 сек,Favbet,Arsenal (ViTo) Esports,Napoli (indenfor) Esports,Гола не будет(4),4.51,1,1.34,4,Favbet
Киберфутбол,2.63,6 сек,1xbet,Tottenham (AlBack) Esports,Man Utd (SpursMax) Esports,Гола не будет(5),3.45,5,1.472,2,Bet365
Киберфутбол,0.48,0 сек,Unibet,Arsenal (ViTo) Esports,Napoli (indenfor) Esports,Гола не будет(5),2.51,1,1.689,9,Unibet
Киберфутбол,0,1 сек,1xbet,Arsenal (ViTo) Esports,Bayer 04 (YOSHI) Esports,Команда1 Тб(2.5),2.251,1,1.82,2,0
Киберфутбол,2.86,16 сек,Betcity,Arsenal (ViTo) Esports,Bayer 04 (YOSHI) Esports,1,3.61,1,1.446,6,Betcity
Киберфутбол,8.73,1 сек,Betcity,Tottenham (AlBack) Esports,Napoli (indenfor) Esports,Гола не будет(7),101,1,1.223,3,0
Киберфутбол,4.46,0 сек,Betcity,Tottenham (AlBack) Esports,Napoli (indenfor) Esports,Тм(8.5),2.251,1,1.959,9,Betcity
Киберфутбол,5.88,46 сек,Betcity,Tottenham (AlBack) Esports,Napoli (indenfor) Esports,Гола не будет(8),41,1,1.446,6,Betcity
Киберфутбол,4.76,3 сек,Favbet,Arsenal (ViTo) Esports,Man Utd (SpursMax) Esports,Тм(5.5),21,1,2.28,8,Favbet
Киберфутбол,12.01,0 сек,Unibet,Arsenal (ViTo) Esports,Man Utd (SpursMax) Esports,Г1(-2),2.3756,6,2.125,5,0
Киберфутбол,0,0 сек,Betcity,Bayer 04 (YOSHI) Esports,Napoli (indenfor) Esports,Команда1 Тб(3.5),2.251,1,1.81,1,0
Киберфутбол,2.7,8 сек,1xbet,Bayer 04 (YOSHI) Esports,Napoli (indenfor) Esports,Тб(5.5),2.12,2,2.015,0,0
Киберфутбол,0.92,3 сек,Favbet,Bayer 04 (YOSHI) Esports,Napoli (indenfor) Esports,Тб(6.5),2.252,2,1.835,5,Favbet
Киберфутбол,0.59,13 сек,Favbet,Arsenal (ViTo) Esports,Man Utd (SpursMax) Esports,Г2(1),4.3331,1,1.319,9,Favbet
Киберфутбол,0.02,6 сек,Favbet,Bayer 04 (YOSHI) Esports,Napoli (indenfor) Esports,Тм(5.5),2.11,1,1.9110,10,Favbet
Киберфутбол,1.65,2 сек,Favbet,Bayer 04 (YOSHI) Esports,Napoli (indenfor) Esports,Гола не будет(6),3.41,1,1.457,7,Favbet
Киберфутбол,5.88,5 сек,Betcity,Man Utd (SpursMax) Esports,Napoli (indenfor) Esports,Тб(5.5),22,2,2.256,6,Betcity
Киберфутбол,0.18,2 сек,1xbet,Man Utd (SpursMax) Esports,Napoli (indenfor) Esports,Команда1 Тб(2.5),2.6251,1,1.622,2,0
Киберфутбол,1.52,10 сек,Betcity,Bayer 04 (YOSHI) Esports,Tottenham (AlBack) Esports,Команда2 Тб(1.5),2.251,1,1.852,2,0
Киберфутбол,3.61,1 мин 13 сек,Betcity,Bayer 04 (YOSHI) Esports,Tottenham (AlBack) Esports,Тб(2.5),24,4,2.155,5,0
Киберфутбол,1.65,6 сек,Unibet,Bayer 04 (YOSHI) Esports,Tottenham (AlBack) Esports,Тб(3.5),2.12,2,1.974,4,0
Киберфутбол,0.12,1 сек,1xbet,Man Utd (SpursMax) Esports,Napoli (indenfor) Esports,2,22,2,2.0055,5,1xbet
Киберфутбол,0.02,3 сек,Unibet,Man Utd (SpursMax) Esports,Napoli (indenfor) Esports,X2,2.12,2,1.915,5,Unibet
Киберфутбол,1.37,3 сек,Favbet,Man Utd (SpursMax) Esports,Napoli (indenfor) Esports,Г2(1),2.21,1,1.886,6,Favbet
Киберфутбол,29.57,0 сек,Betcity,Man Utd (SpursMax) Esports,Bayer 04 (YOSHI) Esports,Г1(3),2.753,3,2.456,6,Betcity
Киберфутбол,0,0 сек,Favbet,Man Utd (SpursMax) Esports,Bayer 04 (YOSHI) Esports,Тб(6.5),21,1,23,3,0
Киберфутбол,7.95,14 сек,Betcity,Man Utd (SpursMax) Esports,Bayer 04 (YOSHI) Esports,Команда2 Тб(5.5),2.52,2,1.94,4,0
Киберфутбол,8.99,1 сек,Unibet,Arsenal (ViTo) Esports,Tottenham (AlBack) Esports,Тб(4.5),2.21,1,2.1610,10,Unibet
Киберфутбол,2.52,0 сек,Favbet,Arsenal (ViTo) Esports,Tottenham (AlBack) Esports,Тм(4.5),2.21,1,1.926,6,Favbet
Киберфутбол,0,0 сек,1xbet,Man Utd (SpursMax) Esports,Bayer 04 (YOSHI) Esports,Тм(4.5),2.251,1,1.85,5,1xbet
Киберфутбол,1.52,1 сек,Betcity,Man Utd (SpursMax) Esports,Tottenham (AlBack) Esports,Тб(5.5),2.252,2,1.853,3,0
Киберфутбол,10.92,0 сек,1xbet,Man Utd (SpursMax) Esports,Tottenham (AlBack) Esports,Команда2 Тб(5.5),32,2,1.762,2,0
Киберфутбол,3.75,27 сек,Unibet,Man Utd (SpursMax) Esports,Tottenham (AlBack) Esports,Г2(-4),2.31,1,1.892,0,0
Киберфутбол,3.61,39 сек,Betcity,Man Utd (SpursMax) Esports,Tottenham (AlBack) Esports,Ф2(-4.25),21,1,2.154,4,Betcity
Киберфутбол,2.81,7 сек,Favbet,Bayer 04 (YOSHI) Esports,Arsenal (ViTo) Esports,Тб(4.5),2.21,1,1.937,7,Favbet
Киберфутбол,0.09,1 сек,Fonbet,Napoli (indenfor) Esports,Tottenham (AlBack) Esports,Команда1 Тб(1.5),2.3751,1,1.732,2,0
Киберфутбол,2.4,14 сек,Betcity,Napoli (indenfor) Esports,Tottenham (AlBack) Esports,Команда2 Тб(2.5),2.3752,2,1.82,2,0
Киберфутбол,5.85,18 сек,1xbet,Napoli (indenfor) Esports,Tottenham (AlBack) Esports,Тб(3.5),2.22,2,2.047,7,1xbet
Киберфутбол,1.95,3 сек,Betcity,Bayer 04 (YOSHI) Esports,Arsenal (ViTo) Esports,Тм(2.5),2.21,1,1.96,6,Betcity
Киберфутбол,1.16,0 сек,Betcity,Bayer 04 (YOSHI) Esports,Arsenal (ViTo) Esports,Гола не будет(2),3.44,4,1.442,2,0
Киберфутбол,2.63,3 сек,Unibet,Napoli (indenfor) Esports,Tottenham (AlBack) Esports,Гола не будет(4),3.251,1,1.54,4,Unibet
Киберфутбол,1.42,1 сек,Fonbet,Newcastle (SpursMax) Esports,Leeds (ViTo) Esports,Команда1 Тб(1.5),2.3751,1,1.773,3,0
Киберфутбол,3.65,19 сек,Fonbet,Newcastle (SpursMax) Esports,Leeds (ViTo) Esports,Тб(4.5),2.22,2,1.964,4,0
Киберфутбол,1.08,0 сек,1xbet,Newcastle (SpursMax) Esports,Leeds (ViTo) Esports,Команда2 Тб(2.5),2.21,1,1.872,2,0
Киберфутбол,21.13,0 сек,Unibet,Newcastle (SpursMax) Esports,Leeds (ViTo) Esports,1X,2.55,5,2.356,6,0
Киберфутбол,0.84,0 сек,Fonbet,Newcastle (SpursMax) Esports,Leeds (ViTo) Esports,Тм(5.5),2.11,1,1.946,6,Fonbet
Киберфутбол,0.31,3 сек,Unibet,Everton (AlBack) Esports,Wolves (YOSHI) Esports,Тб(4.5),2.252,2,1.812,2,0
Киберфутбол,0.49,1 сек,1xbet,Everton (AlBack) Esports,Wolves (YOSHI) Esports,Команда1 Тб(1.5),2.22,2,1.852,2,0
Киберфутбол,1.69,15 сек,1xbet,Everton (AlBack) Esports,Wolves (YOSHI) Esports,Команда1 Тб(1.5),3.252,2,1.482,2,0
Киберфутбол,0.99,1 сек,1xbet,Everton (AlBack) Esports,Wolves (YOSHI) Esports,Тб(5.5),24,4,2.046,6,0
Киберфутбол,4.31,3 сек,Favbet,Everton (AlBack) Esports,Wolves (YOSHI) Esports,Тм(5.5),2.51,1,1.798,8,Favbet
Киберфутбол,4.05,3 сек,Favbet,Everton (AlBack) Esports,Wolves (YOSHI) Esports,Гола не будет(5),3.751,1,1.446,6,Favbet
Киберфутбол,0,1 сек,Betcity,Everton (AlBack) Esports,Leeds (ViTo) Esports,Тб(4.5),21,1,24,4,Betcity
Киберфутбол,1.38,2 сек,Favbet,Everton (AlBack) Esports,Leeds (ViTo) Esports,Тм(3.5),2.11,1,1.962,2,0
Киберфутбол,4.8,3 сек,Favbet,Everton (AlBack) Esports,Leeds (ViTo) Esports,Гола не будет(4),41,1,1.425,5,Favbet
Киберфутбол,2.44,11 сек,Favbet,Leeds (ViTo) Esports,Leicester (Indenfor) Esports,Тб(3.5),21,1,2.12,2,0
Киберфутбол,3.73,17 сек,Betcity,Everton (AlBack) Esports,Newcastle (SpursMax) Esports,Команда1 Тб(2.5),2.11,1,2.054,4,Betcity
Киберфутбол,3.49,3 сек,1xbet,Leeds (ViTo) Esports,Leicester (Indenfor) Esports,Команда2 Тб(1.5),32,2,1.582,2,0
Киберфутбол,0.94,0 сек,1xbet,Everton (AlBack) Esports,Newcastle (SpursMax) Esports,2,2.62,2,1.653,3,0
Киберфутбол,0,0 сек,Betcity,Everton (AlBack) Esports,Newcastle (SpursMax) Esports,Тб(3.5),2.251,1,1.85,5,Betcity
Киберфутбол,0.74,1 сек,Favbet,Everton (AlBack) Esports,Newcastle (SpursMax) Esports,Гола не будет(3),3.251,1,1.466,6,Favbet
Киберфутбол,3.61,10 сек,Betcity,Leeds (ViTo) Esports,Wolves (YOSHI) Esports,Команда1 Тб(1.5),24,4,2.152,2,0
Киберфутбол,6.24,17 сек,Betcity,Leeds (ViTo) Esports,Wolves (YOSHI) Esports,Тб(3.5),2.15,5,2.156,6,0
Киберфутбол,3.91,58 сек,Betcity,Leeds (ViTo) Esports,Wolves (YOSHI) Esports,Команда1 Тб(1.5),2.6253,3,1.722,2,0
Киберфутбол,1.95,0 сек,Betcity,Everton (AlBack) Esports,Leicester (Indenfor) Esports,Тб(4.5),2.21,1,1.97,7,Betcity
Киберфутбол,3.91,58 сек,Betcity,Leeds (ViTo) Esports,Wolves (YOSHI) Esports,Команда1 Тб(1.5),2.6253,3,1.722,2,0
Киберфутбол,1.95,0 сек,Betcity,Everton (AlBack) Esports,Leicester (Indenfor) Esports,Тб(4.5),2.21,1,1.97,7,Betcity
Киберфутбол,3.91,58 сек,Betcity,Leeds (ViTo) Esports,Wolves (YOSHI) Esports,Команда1 Тб(1.5),2.6253,3,1.722,2,0
Киберфутбол,1.95,0 сек,Betcity,Everton (AlBack) Esports,Leicester (Indenfor) Esports,Тб(4.5),2.21,1,1.97,7,Betcity
Киберфутбол,1.16,1 сек,Betcity,Wolves (YOSHI) Esports,Leicester (Indenfor) Esports,1,3.41,1,1.444,4,Betcity
Киберфутбол,9.62,0 сек,Favbet,Newcastle (SpursMax) Esports,Leicester (Indenfor) Esports,1X,41,1,1.512,2,0
Киберфутбол,1.76,2 сек,Fonbet,Newcastle (SpursMax) Esports,Leicester (Indenfor) Esports,Г1(3),33,3,1.542,2,0
Киберфутбол,11.87,3 сек,Unibet,Newcastle (SpursMax) Esports,Leicester (Indenfor) Esports,Г2(-5),3.21,1,1.722,2,0
Киберфутбол,4.76,36 сек,Favbet,Newcastle (SpursMax) Esports,Leicester (Indenfor) Esports,Тб(6.5),22,2,2.27,7,Favbet
Киберфутбол,0.02,1 сек,1xbet,Newcastle (SpursMax) Esports,Leicester (Indenfor) Esports,Команда2 Тб(5.5),2.12,2,1.912,2,0
Киберфутбол,0.84,2 сек,Favbet,Wolves (YOSHI) Esports,Everton (AlBack) Esports,Тм(2.5),2.51,1,1.696,6,Favbet
Киберфутбол,2.44,36 сек,Unibet,Newcastle (SpursMax) Esports,Leicester (Indenfor) Esports,Ф2(-5.25),21,1,2.111,11,Unibet
Киберфутбол,6.98,2 сек,Favbet,Newcastle (SpursMax) Esports,Wolves (YOSHI) Esports,Тб(5.5),21,1,2.34,4,Favbet
Киберфутбол,0,10 сек,Betcity,Newcastle (SpursMax) Esports,Wolves (YOSHI) Esports,Г1(4),21,1,23,3,0
Киберфутбол,0.79,1 сек,Fonbet,Newcastle (SpursMax) Esports,Wolves (YOSHI) Esports,Г2(-4),2.22,2,1.862,2,0
Киберфутбол,16.78,1 сек,Unibet,Leeds (ViTo) Esports,Everton (AlBack) Esports,Г1(-1),2.63,3,2.126,6,Unibet
Киберфутбол,0.09,0 сек,Fonbet,Leeds (ViTo) Esports,Everton (AlBack) Esports,Тм(6.5),2.3752,2,1.736,6,Fonbet
Киберфутбол,2.93,0 сек,Favbet,Newcastle (SpursMax) Esports,Wolves (YOSHI) Esports,Гола не будет(6),4.3331,1,1.354,4,Favbet
